// Chosen Depots: [1, 2, 3, 4, 5, 6]
// Chosen Demand Points (Original DP No): [1, 2, 3, 4, 5, 6, 7, 8, 9, 10, 11, 12, 13, 14, 15, 16, 17, 18, 19, 20, 21, 22, 23, 24, 25, 26, 27, 28, 29, 30, 31, 32, 33, 34, 35, 36, 37, 38, 39, 40, 41, 42, 43, 44, 45, 46, 47, 48, 49, 50, 51, 52, 53, 54, 55, 56, 57, 58, 59, 60, 61, 62, 63, 64, 65, 66, 67, 68, 69, 70, 71, 72, 73, 74, 75, 76, 77, 78, 79, 80, 81, 82, 83, 84, 85, 86, 87, 88, 89, 90, 91, 92, 93, 94, 95, 96, 97, 98, 99, 100, 101, 102, 103, 104, 105, 106, 107, 108, 109, 110, 111, 112, 113, 114, 115, 116, 117, 118, 119, 120, 121, 122, 123, 124, 125, 126, 127, 128, 129, 130, 131, 132, 133, 134, 135, 136, 137, 138, 139, 140, 141, 142, 143, 144, 145, 146, 147, 148, 149, 150, 151, 152, 153, 154, 155, 156, 157, 158, 159, 160, 161, 162, 163, 164, 165, 166, 167, 168, 169, 170, 171]
// Original Weights: [9, 9, 9, 6, 6, 9, 8, 4, 8, 4, 5, 6, 6, 5, 7, 4, 5, 4, 5, 6, 6, 6, 6, 5, 5, 4, 7, 5, 5, 5, 6, 6, 8, 7, 10, 9, 9, 8, 10, 9, 6, 7, 7, 7, 8, 6, 6, 6, 8, 3, 6, 6, 5, 4, 5, 5, 5, 6, 5, 5, 7, 4, 5, 6, 7, 6, 6, 7, 4, 6, 7, 7, 6, 2, 2, 5, 6, 5, 4, 5, 7, 6, 5, 6, 6, 6, 7, 6, 7, 6, 6, 5, 7, 6, 7, 7, 7, 6, 6, 7, 7, 6, 7, 7, 6, 7, 8, 7, 7, 7, 7, 7, 7, 7, 7, 7, 7, 7, 8, 7, 6, 8, 6, 3, 2, 3, 3, 2, 2, 4, 2, 4, 4, 4, 4, 2, 3, 3, 4, 4, 4, 8, 8, 8, 7, 8, 5, 6, 6, 7, 8, 7, 8, 4, 5, 7, 7, 8, 7, 6, 8, 8, 8, 9, 6, 6, 9, 5, 8, 8, 8]

|W| = 6;
|D| = 171;
V = 54;
C = 3;
|K| = 10;
M = 100;
S = 0.25;
|TR| = 20;
δmax = 18.3;
Runtime = 120;

// Priority weights for selected demand points
pj = [
  9, 9, 9, 6, 6, 9, 8, 4, 8, 4, 5, 6, 6, 5, 7, 4, 5, 4, 5, 6, 6, 6, 6, 5, 5, 4, 7, 5, 5, 5, 6, 6, 8, 7, 10, 9, 9, 8, 10, 9, 6, 7, 7, 7, 8, 6, 6, 6, 8, 3, 6, 6, 5, 4, 5, 5, 5, 6, 5, 5, 7, 4, 5, 6, 7, 6, 6, 7, 4, 6, 7, 7, 6, 2, 2, 5, 6, 5, 4, 5, 7, 6, 5, 6, 6, 6, 7, 6, 7, 6, 6, 5, 7, 6, 7, 7, 7, 6, 6, 7, 7, 6, 7, 7, 6, 7, 8, 7, 7, 7, 7, 7, 7, 7, 7, 7, 7, 7, 8, 7, 6, 8, 6, 3, 2, 3, 3, 2, 2, 4, 2, 4, 4, 4, 4, 2, 3, 3, 4, 4, 4, 8, 8, 8, 7, 8, 5, 6, 6, 7, 8, 7, 8, 4, 5, 7, 7, 8, 7, 6, 8, 8, 8, 9, 6, 6, 9, 5, 8, 8, 8
];

δij =
[
  [99.00,99.00,99.00,99.00,99.00,99.00,19.31,19.21,17.00,18.70,18.70,18.10,18.65,17.26,18.55,9.07,9.24,9.16,7.40,5.42,6.09,7.41,6.15,8.48,8.42,5.52,8.30,6.76,7.04,6.93,7.21,9.54,6.11,6.17,6.88,7.81,6.00,19.04,24.16,24.34,27.41,27.83,24.08,22.24,24.73,21.64,28.07,27.47,27.53,33.34,34.53,31.29,31.81,28.60,33.29,24.83,21.14,19.53,20.04,21.94,23.83,21.43,19.52,24.56,22.59,21.87,23.45,20.86,21.04,24.33,21.85,23.67,20.18,19.81,22.41,21.71,19.47,23.28,22.79,24.56,25.41,22.19,23.33,22.64,20.72,20.91,20.18,22.00,21.08,22.32,19.49,20.20,3.22,1.64,4.43,2.02,1.03,1.44,3.60,1.70,4.45,4.53,2.58,2.57,1.26,2.70,2.39,1.23,2.57,2.81,0.36,2.46,3.04,4.35,3.63,4.20,2.79,3.68,3.80,3.82,4.28,2.70,3.26,4.65,3.14,4.21,0.99,3.86,2.62,4.44,6.34,5.05,5.09,7.10,6.83,3.46,5.42,3.51,3.51,3.27,3.45,5.95,3.84,3.89,12.27,11.81,11.81,11.71,13.37,13.22,11.87,11.96,10.83,10.90,13.24,13.09,10.58,10.66,11.66,10.88,12.30,12.20,11.63,12.31,10.82,13.61,13.25,13.05,4.12,4.80,1.06,1.30,5.18,1.47,4.75,4.61,4.08],
  [99.00,99.00,99.00,99.00,99.00,99.00,9.07,8.93,6.60,10.80,10.80,8.14,9.55,11.93,9.19,9.37,6.43,6.12,5.89,7.73,5.71,8.33,8.33,9.26,6.83,7.11,5.99,6.36,6.19,8.35,6.74,8.34,5.12,7.46,8.14,7.88,6.09,11.43,14.95,15.21,17.27,17.89,14.17,12.71,14.44,11.84,19.41,18.64,18.77,24.20,25.19,22.83,23.22,19.93,23.93,18.64,12.74,11.32,12.98,15.55,15.99,13.93,12.63,15.96,14.85,14.43,14.85,14.68,13.35,16.01,13.08,15.61,12.54,10.80,15.73,13.23,10.51,14.62,14.84,18.71,19.18,14.39,15.04,15.19,13.85,13.35,11.14,13.56,13.75,14.27,11.55,11.95,11.71,11.70,13.73,12.16,11.79,12.55,12.96,12.58,13.62,13.77,10.69,13.06,12.15,12.68,11.24,11.52,12.24,12.45,11.16,12.14,10.10,13.23,13.40,13.45,12.72,12.55,13.79,12.73,13.17,10.14,12.79,13.75,9.42,13.76,10.69,9.10,12.84,12.99,13.15,13.43,12.55,13.25,14.13,13.26,13.72,12.30,12.30,13.57,12.49,13.42,13.33,13.59,8.88,9.48,9.48,2.64,3.87,4.76,4.28,3.06,6.71,5.26,6.76,5.00,3.07,3.67,3.44,9.26,7.87,4.12,4.21,3.71,4.28,7.56,4.23,3.85,7.83,7.77,10.11,9.95,7.40,10.35,6.83,7.19,8.24],
  [99.00,99.00,99.00,99.00,99.00,99.00,13.23,13.22,11.78,10.26,10.26,11.91,11.31,7.52,11.50,1.22,3.53,3.84,4.86,5.27,6.45,3.03,4.25,1.80,3.36,5.60,4.22,4.96,4.86,3.48,4.22,1.62,7.61,4.64,3.61,2.93,6.07,10.31,16.06,16.13,20.10,20.23,16.76,14.70,17.92,14.51,19.18,18.75,18.74,24.59,25.90,22.12,22.69,19.69,24.73,14.86,12.68,11.18,10.81,12.19,14.67,12.30,10.25,15.88,13.48,12.64,14.88,11.10,12.08,15.46,13.61,14.68,11.30,12.12,12.75,13.23,11.81,14.77,13.80,14.51,15.43,13.16,14.53,13.36,11.30,11.87,12.46,13.46,11.87,13.45,10.93,11.77,13.12,11.85,14.68,12.28,11.29,11.22,13.82,11.85,14.68,14.78,12.08,12.81,11.47,12.97,12.25,11.45,12.78,13.03,10.60,12.66,12.02,14.52,13.90,14.44,13.05,13.79,14.06,13.95,14.45,11.77,13.49,14.88,11.53,14.47,10.77,11.88,12.89,8.16,6.62,8.11,7.08,6.09,7.39,9.45,8.13,8.25,8.25,10.13,8.50,7.28,9.15,9.46,2.94,1.98,1.98,8.06,8.69,7.61,6.68,7.89,3.65,5.10,5.79,7.23,7.01,6.49,7.29,1.17,3.80,7.12,6.55,7.61,5.98,5.54,8.16,8.29,10.78,11.46,10.04,10.16,11.45,8.80,10.15,10.52,11.22],
  [99.00,99.00,99.00,99.00,99.00,99.00,8.44,8.59,9.40,3.42,3.42,7.92,5.74,3.46,6.34,11.94,11.29,11.41,13.26,15.06,14.92,13.21,14.42,12.48,12.06,15.01,12.30,13.83,13.57,13.68,13.29,11.09,15.61,14.31,13.69,12.74,14.81,2.69,6.49,6.38,10.97,10.69,8.28,6.55,9.90,7.18,8.38,8.10,8.03,13.76,15.11,11.16,11.75,8.86,14.02,4.80,3.60,3.53,1.05,1.71,3.82,1.80,1.22,5.48,2.79,1.90,4.79,1.08,2.10,4.86,4.55,4.01,2.11,5.15,1.97,3.85,5.14,4.82,3.24,4.89,5.35,2.66,4.14,2.47,0.46,1.82,5.17,3.85,1.37,3.17,3.00,3.37,22.77,21.87,24.62,22.35,21.49,21.66,23.74,22.17,24.58,24.71,21.64,23.04,21.74,23.03,21.99,21.51,22.74,23.00,20.75,22.62,21.35,24.32,23.95,24.35,23.11,23.56,24.20,23.74,24.25,21.20,23.45,24.77,20.72,24.49,20.71,20.79,23.03,19.09,17.56,19.07,18.03,16.97,18.27,20.31,19.10,19.10,19.10,20.98,19.35,18.24,20.06,20.36,8.32,9.03,9.03,11.29,10.03,9.10,9.94,10.86,9.71,10.06,7.66,8.91,11.56,11.10,10.66,9.98,8.18,9.91,10.12,10.21,10.61,7.07,9.62,9.99,19.46,19.85,19.95,19.98,19.65,19.07,18.52,18.95,19.95],
  [99.00,99.00,99.00,99.00,99.00,99.00,9.24,9.37,11.70,10.87,10.87,10.36,9.95,14.60,9.95,21.69,19.75,19.71,21.20,23.44,22.35,22.30,23.24,22.10,20.66,23.11,20.44,21.87,21.59,22.68,21.64,20.51,22.46,22.76,22.60,21.72,22.46,10.98,5.29,5.36,1.03,1.11,4.40,6.39,3.85,6.81,5.98,5.32,5.59,7.22,7.69,7.99,7.89,6.08,6.52,12.40,8.64,9.96,11.21,11.89,8.51,9.94,11.69,6.48,9.08,9.91,6.95,12.45,9.78,7.23,7.62,8.03,10.29,8.98,11.26,8.17,9.30,6.92,8.57,13.14,12.41,9.10,7.66,9.64,11.28,10.05,8.63,8.04,10.39,8.57,10.31,9.46,29.77,29.43,31.79,29.92,29.31,29.83,30.97,30.09,31.70,31.85,28.68,30.77,29.64,30.52,29.18,29.16,30.12,30.36,28.59,30.01,28.17,31.34,31.34,31.51,30.58,30.62,31.69,30.80,31.27,28.15,30.75,31.85,27.49,31.77,28.30,27.26,30.62,28.50,27.49,28.66,27.59,27.08,28.35,29.41,28.79,28.21,28.21,29.96,28.46,28.07,29.28,29.58,18.13,19.13,19.13,16.83,15.12,15.22,16.58,16.53,18.34,17.74,15.71,15.37,17.87,17.77,16.78,19.92,17.39,16.24,16.82,16.13,17.65,15.67,15.19,15.42,25.93,25.99,27.61,27.53,25.64,27.27,24.91,25.31,26.38],
  [99.00,99.00,99.00,99.00,99.00,99.00,24.98,24.93,22.99,22.86,22.86,23.67,23.59,20.10,23.66,11.89,13.89,13.99,12.87,10.64,12.46,11.27,10.49,11.44,12.99,11.18,13.40,12.23,12.49,10.93,12.22,13.02,13.08,11.16,11.04,11.86,12.13,22.96,28.66,28.75,32.52,32.74,29.14,27.13,30.13,26.78,31.85,31.43,31.42,37.25,38.57,34.73,35.31,32.36,37.41,27.05,25.31,23.78,23.47,24.66,27.32,24.96,22.91,28.55,26.14,25.30,27.54,23.59,24.75,28.13,26.21,27.35,23.97,24.54,25.26,25.87,24.22,27.42,26.47,26.58,27.59,25.83,27.20,25.99,23.92,24.55,24.91,26.11,24.53,26.12,23.56,24.39,10.29,8.79,9.89,8.70,8.11,7.06,9.64,7.66,10.04,9.99,10.28,8.16,7.82,8.87,9.81,8.61,9.19,9.24,8.27,9.17,10.91,10.32,9.20,9.89,8.93,10.13,8.91,10.13,10.28,10.60,9.42,10.18,11.17,9.55,8.99,11.89,8.56,5.23,6.07,4.93,5.97,6.60,5.30,4.97,4.75,5.85,5.85,4.86,5.66,5.45,4.83,4.60,15.55,14.66,14.66,17.92,19.34,18.76,17.44,18.03,15.21,16.01,17.83,18.49,16.65,16.48,17.56,13.77,16.16,17.86,17.21,18.15,16.37,17.85,19.03,18.95,12.17,12.88,9.09,9.35,13.25,8.10,12.67,12.61,12.15],
  [19.31,9.07,13.23,8.44,9.24,24.98,99.00,0.19,2.47,5.23,5.23,1.32,2.81,9.10,2.26,13.53,11.10,10.99,12.27,14.54,13.24,13.74,14.51,13.83,11.99,14.14,11.62,12.94,12.66,14.06,12.82,12.26,13.27,13.92,13.94,13.14,13.40,5.90,6.26,6.57,8.22,8.81,5.11,3.94,5.45,2.91,10.84,9.99,10.18,15.25,16.18,14.24,14.55,11.34,14.91,12.42,5.42,4.91,7.40,9.85,8.54,7.40,7.46,7.72,7.76,7.83,6.76,9.52,6.77,8.04,5.14,7.98,6.37,3.35,9.64,5.64,3.30,6.50,7.50,12.81,12.83,7.35,7.26,8.36,8.15,6.95,3.44,5.92,7.52,6.95,5.45,5.16,20.53,20.24,22.56,20.73,20.16,20.72,21.74,20.95,22.46,22.61,19.45,21.59,20.50,21.31,19.96,19.99,20.91,21.15,19.45,20.80,18.93,22.09,22.12,22.27,21.37,21.38,22.48,21.56,22.03,18.91,21.52,22.61,18.24,22.54,19.13,18.02,21.43,19.81,19.10,20.05,19.01,18.83,20.03,20.57,20.23,19.41,19.41,21.07,19.65,19.62,20.49,20.79,10.45,11.50,11.50,7.62,5.94,6.25,7.60,7.35,9.91,8.98,7.44,6.49,8.73,8.71,7.67,12.07,9.44,7.21,7.84,7.02,8.68,7.73,6.09,6.26,16.69,16.75,18.45,18.35,16.40,18.22,15.66,16.06,17.14],
  [19.21,8.93,13.22,8.59,9.37,24.93,0.19,99.00,2.33,5.36,5.36,1.31,2.94,9.20,2.38,13.51,11.06,10.94,12.20,14.47,13.15,13.70,14.45,13.80,11.94,14.06,11.56,12.87,12.59,14.01,12.75,12.24,13.17,13.86,13.89,13.10,13.32,6.04,6.44,6.75,8.35,8.96,5.27,4.12,5.56,3.09,11.02,10.17,10.36,15.41,16.34,14.42,14.72,11.52,15.07,12.60,5.60,5.06,7.55,10.02,8.72,7.57,7.60,7.91,7.94,8.00,6.95,9.67,6.94,8.22,5.32,8.16,6.53,3.51,9.81,5.82,3.46,6.69,7.68,12.98,13.01,7.52,7.45,8.53,8.31,7.12,3.62,6.10,7.68,7.13,5.60,5.33,20.41,20.14,22.44,20.62,20.06,20.63,21.62,20.85,22.34,22.49,19.34,21.48,20.40,21.20,19.85,19.88,20.80,21.03,19.35,20.69,18.81,21.97,22.01,22.16,21.26,21.26,22.37,21.45,21.91,18.79,21.41,22.49,18.13,22.43,19.02,17.89,21.32,19.76,19.07,20.00,18.96,18.80,20.00,20.50,20.18,19.34,19.34,21.00,19.58,19.58,20.43,20.72,10.47,11.52,11.52,7.52,5.84,6.19,7.53,7.25,9.88,8.93,7.43,6.44,8.64,8.63,7.58,12.07,9.44,7.14,7.77,6.94,8.62,7.74,6.01,6.17,16.57,16.62,18.35,18.25,16.27,18.13,15.54,15.94,17.01],
  [17.00,6.60,11.78,9.40,11.70,22.99,2.47,2.33,99.00,5.98,5.98,1.75,3.81,9.14,3.26,11.90,9.23,9.07,10.15,12.42,10.98,11.86,12.50,12.12,10.08,11.97,9.60,10.82,10.55,12.13,10.78,10.62,10.92,11.85,11.99,11.27,11.18,6.72,8.56,8.86,10.68,11.29,7.58,6.26,7.87,5.31,13.13,12.30,12.47,17.68,18.64,16.55,16.88,13.63,17.37,13.84,7.05,6.04,8.37,11.00,10.34,8.78,8.26,9.84,9.39,9.26,8.80,10.44,8.13,10.05,7.06,9.84,7.52,4.89,10.93,7.41,4.69,8.55,9.23,14.12,14.31,8.94,9.17,9.90,9.22,8.24,5.14,7.72,8.77,8.65,6.49,6.51,18.11,17.87,20.14,18.35,17.82,18.43,19.33,18.62,20.04,20.19,17.04,19.23,18.17,18.93,17.56,17.63,18.52,18.75,17.13,18.41,16.50,19.67,19.72,19.86,18.98,18.96,20.08,19.14,19.60,16.50,19.12,20.18,15.82,20.13,16.77,15.57,19.05,17.78,17.24,18.06,17.04,17.05,18.20,18.44,18.27,17.31,17.31,18.91,17.55,17.71,18.40,18.69,9.24,10.26,10.26,5.29,3.68,4.31,5.57,5.07,8.24,7.09,6.07,4.63,6.48,6.54,5.47,10.67,8.12,5.14,5.79,4.85,6.62,6.57,3.96,4.06,14.26,14.29,16.11,16.00,13.94,15.97,13.23,13.63,14.70],
  [18.70,10.80,10.26,3.42,10.87,22.86,5.23,5.36,5.98,99.00,0.00,4.54,2.43,4.14,3.01,10.98,9.52,9.56,11.30,13.36,12.80,11.85,12.93,11.44,10.39,13.18,10.40,11.94,11.66,12.28,11.53,9.88,13.29,12.63,12.24,11.30,12.78,0.74,5.80,5.89,9.94,9.99,6.69,4.64,8.08,4.80,9.37,8.79,8.83,14.67,15.90,12.63,13.13,9.91,14.69,8.01,2.48,0.92,2.39,5.05,5.31,3.13,2.29,5.87,4.11,3.64,4.78,4.46,2.56,5.64,3.35,5.05,1.74,2.30,5.07,3.05,2.13,4.63,4.19,8.21,8.52,3.66,4.64,4.40,3.26,2.55,2.53,3.32,2.98,3.67,0.80,1.54,20.66,19.95,22.59,20.44,19.67,19.99,21.72,20.40,22.54,22.67,19.53,21.21,19.95,21.10,19.93,19.62,20.76,21.02,18.92,20.65,19.15,22.24,22.00,22.32,21.17,21.48,22.29,21.67,22.16,19.04,21.45,22.71,18.49,22.50,18.79,18.47,21.14,18.01,16.79,18.10,17.03,16.33,17.62,19.07,18.19,17.85,17.85,19.68,18.11,17.41,18.88,19.19,7.33,8.29,8.29,8.37,6.93,6.20,7.29,7.96,7.96,7.84,5.45,6.11,8.89,8.53,7.88,9.12,6.73,7.14,7.50,7.34,8.15,5.15,6.61,6.97,17.11,17.41,18.04,18.02,17.16,17.38,16.12,16.56,17.60],
  [18.70,10.80,10.26,3.42,10.87,22.86,5.23,5.36,5.98,0.00,99.00,4.54,2.43,4.14,3.01,10.98,9.52,9.56,11.30,13.36,12.80,11.85,12.93,11.44,10.39,13.18,10.40,11.94,11.66,12.28,11.53,9.88,13.29,12.63,12.24,11.30,12.78,0.74,5.80,5.89,9.94,9.99,6.69,4.64,8.08,4.80,9.37,8.79,8.83,14.67,15.90,12.63,13.13,9.91,14.69,8.01,2.48,0.92,2.39,5.05,5.31,3.13,2.29,5.87,4.11,3.64,4.78,4.46,2.56,5.64,3.35,5.05,1.74,2.30,5.07,3.05,2.13,4.63,4.19,8.21,8.52,3.66,4.64,4.40,3.26,2.55,2.53,3.32,2.98,3.67,0.80,1.54,20.66,19.95,22.59,20.44,19.67,19.99,21.72,20.40,22.54,22.67,19.53,21.21,19.95,21.10,19.93,19.62,20.76,21.02,18.92,20.65,19.15,22.24,22.00,22.32,21.17,21.48,22.29,21.67,22.16,19.04,21.45,22.71,18.49,22.50,18.79,18.47,21.14,18.01,16.79,18.10,17.03,16.33,17.62,19.07,18.19,17.85,17.85,19.68,18.11,17.41,18.88,19.19,7.33,8.29,8.29,8.37,6.93,6.20,7.29,7.96,7.96,7.84,5.45,6.11,8.89,8.53,7.88,9.12,6.73,7.14,7.50,7.34,8.15,5.15,6.61,6.97,17.11,17.41,18.04,18.02,17.16,17.38,16.12,16.56,17.60],
  [18.10,8.14,11.91,7.92,10.36,23.67,1.32,1.31,1.75,4.54,4.54,99.00,2.19,8.14,1.60,12.21,9.79,9.68,10.99,13.26,12.02,12.42,13.20,12.50,10.68,12.87,10.32,11.67,11.39,12.75,11.52,10.94,12.10,12.63,12.63,11.83,12.16,5.26,6.87,7.15,9.34,9.85,6.09,4.58,6.63,3.71,11.41,10.59,10.75,16.06,17.06,14.83,15.18,11.92,15.79,12.20,5.33,4.45,6.87,9.45,8.61,7.13,6.83,8.10,7.69,7.60,7.05,8.98,6.49,8.30,5.31,8.10,5.94,3.16,9.33,5.67,2.99,6.79,7.50,12.52,12.65,7.24,7.42,8.22,7.69,6.62,3.39,5.98,7.17,6.93,4.94,4.85,19.42,19.07,21.44,19.56,18.97,19.51,20.61,19.75,21.35,21.50,18.33,20.41,19.30,20.16,18.82,18.81,19.76,20.00,18.25,19.65,17.82,20.99,20.98,21.16,20.22,20.27,21.33,20.45,20.92,17.79,20.39,21.50,17.14,21.41,17.95,16.94,20.26,18.51,17.78,18.75,17.70,17.51,18.71,19.29,18.92,18.12,18.12,19.79,18.36,18.30,19.20,19.50,9.16,10.21,10.21,6.46,4.76,4.97,6.32,6.16,8.59,7.67,6.12,5.19,7.52,7.46,6.44,10.76,8.13,5.94,6.56,5.79,7.41,6.43,4.85,5.06,15.60,15.70,17.26,17.17,15.37,16.98,14.57,14.98,16.06],
  [18.65,9.55,11.31,5.74,9.95,23.59,2.81,2.94,3.81,2.43,2.43,2.19,99.00,6.34,0.59,11.81,9.80,9.76,11.32,13.53,12.59,12.35,13.29,12.19,10.71,13.23,10.52,11.99,11.70,12.73,11.71,10.60,12.87,12.84,12.65,11.77,12.66,3.12,5.57,5.79,8.95,9.24,5.56,3.60,6.61,3.21,9.88,9.14,9.26,14.86,15.97,13.29,13.70,10.41,14.71,10.04,3.30,2.26,4.69,7.26,6.61,4.97,4.69,6.41,5.60,5.44,5.30,6.81,4.32,6.48,3.53,6.15,3.75,1.25,7.15,3.72,0.96,5.07,5.47,10.34,10.50,5.14,5.53,6.09,5.50,4.44,1.60,4.05,4.98,4.89,2.75,2.70,20.28,19.77,22.27,20.26,19.58,20.02,21.42,20.34,22.20,22.34,19.17,21.07,19.89,20.89,19.62,19.47,20.52,20.77,18.84,20.40,18.72,21.87,21.75,21.99,20.95,21.12,22.07,21.31,21.80,18.65,21.18,22.36,18.04,22.22,18.61,17.92,20.96,18.54,17.58,18.71,17.64,17.21,18.46,19.46,18.85,18.26,18.26,20.02,18.51,18.15,19.33,19.63,8.41,9.44,9.44,7.45,5.80,5.50,6.81,7.08,8.39,7.82,5.76,5.58,8.28,8.06,7.18,10.14,7.54,6.53,7.05,6.56,7.84,5.79,5.67,5.97,16.57,16.76,17.89,17.84,16.46,17.43,15.54,15.97,17.04],
  [17.26,11.93,7.52,3.46,14.60,20.10,9.10,9.20,9.14,4.14,4.14,8.14,6.34,99.00,6.85,8.53,8.21,8.38,10.23,11.85,11.96,9.90,11.13,9.08,8.90,11.87,9.26,10.74,10.50,10.37,10.15,7.75,12.78,11.10,10.40,9.46,11.79,3.75,9.33,9.31,13.73,13.62,10.66,8.67,12.14,8.93,11.80,11.47,11.42,17.20,18.54,14.62,15.21,12.30,17.42,7.59,5.97,4.91,3.50,4.71,7.25,4.97,2.97,8.70,6.12,5.24,7.84,3.62,4.92,8.17,7.00,7.35,4.31,6.44,5.24,6.43,6.26,7.79,6.51,7.39,8.17,5.87,7.33,5.91,3.83,4.66,6.66,6.58,4.52,6.26,4.43,5.24,19.70,18.70,21.49,19.17,18.27,18.38,20.61,18.92,21.46,21.58,18.59,19.83,18.50,19.86,18.89,18.33,19.59,19.85,17.54,19.47,18.35,21.23,20.79,21.23,19.94,20.47,21.02,20.65,21.15,18.17,20.31,21.65,17.75,21.34,17.56,17.88,19.84,15.66,14.10,15.62,14.59,13.51,14.81,16.91,15.64,15.70,15.70,17.58,15.95,14.78,16.64,16.95,4.99,5.61,5.61,9.29,8.43,7.26,7.71,8.87,6.69,7.37,5.21,6.96,9.23,8.68,8.52,6.57,5.08,7.81,7.83,8.23,8.11,4.46,7.91,8.27,16.58,17.06,16.80,16.84,16.90,15.82,15.70,16.13,17.07],
  [18.55,9.19,11.50,6.34,9.95,23.66,2.26,2.38,3.26,3.01,3.01,1.60,0.59,6.85,99.00,11.95,9.82,9.76,11.26,13.49,12.47,12.40,13.30,12.31,10.72,13.17,10.49,11.93,11.64,12.77,11.69,10.72,12.70,12.81,12.67,11.81,12.55,3.71,5.81,6.05,8.93,9.29,5.56,3.71,6.48,3.14,10.22,9.45,9.58,15.11,16.18,13.64,14.03,10.74,14.92,10.61,3.80,2.85,5.29,7.85,7.11,5.54,5.28,6.79,6.13,6.01,5.70,7.40,4.89,6.91,3.92,6.63,4.34,1.66,7.73,4.19,1.43,5.46,5.98,10.92,11.07,5.68,5.99,6.64,6.09,5.02,1.97,4.51,5.57,5.40,3.34,3.26,20.09,19.62,22.09,20.11,19.45,19.92,21.24,20.22,22.01,22.16,18.98,20.94,19.77,20.73,19.45,19.33,20.35,20.60,18.72,20.24,18.52,21.67,21.58,21.81,20.80,20.94,21.92,21.12,21.61,18.46,21.01,22.17,17.84,22.05,18.48,17.70,20.82,18.58,17.67,18.76,17.70,17.33,18.57,19.46,18.91,18.26,18.26,20.01,18.51,18.23,19.34,19.64,8.63,9.67,9.67,7.19,5.51,5.34,6.68,6.83,8.45,7.79,5.85,5.45,8.08,7.91,6.98,10.33,7.71,6.37,6.92,6.35,7.73,5.96,5.43,5.72,16.34,16.51,17.76,17.70,16.20,17.35,15.32,15.74,16.81],
  [9.07,9.37,1.22,11.94,21.69,11.89,13.53,13.51,11.90,10.98,10.98,12.21,11.81,8.53,11.95,99.00,3.01,3.29,3.91,4.07,5.38,1.84,3.03,0.59,2.56,4.43,3.43,3.90,3.85,2.27,3.18,1.28,6.57,3.47,2.41,1.83,4.98,11.09,16.77,16.86,20.70,20.88,17.33,15.29,18.41,15.02,20.06,19.60,19.60,25.46,26.75,23.06,23.63,20.58,25.57,15.96,13.43,11.89,11.71,13.23,15.58,13.19,11.16,16.70,14.38,13.56,15.67,12.13,12.93,16.31,14.32,15.56,12.12,12.70,13.77,13.99,12.39,15.55,14.67,15.63,16.53,14.03,15.36,14.29,12.25,12.74,13.06,14.24,12.78,14.29,11.68,12.50,11.90,10.64,13.47,11.07,10.09,10.04,12.61,10.66,13.47,13.57,10.86,11.61,10.27,11.76,11.04,10.24,11.56,11.82,9.39,11.45,10.81,13.31,12.69,13.22,11.85,12.57,12.86,12.74,13.23,10.55,12.28,13.67,10.33,13.27,9.56,10.68,11.68,7.16,5.82,7.17,6.12,5.40,6.66,8.39,7.24,7.17,7.17,9.06,7.43,6.44,8.12,8.43,3.69,2.91,2.91,7.73,8.59,7.63,6.55,7.63,3.66,4.93,6.12,7.28,6.59,6.12,7.04,1.96,4.29,6.99,6.38,7.44,5.70,6.02,8.11,8.18,9.61,10.30,8.83,8.94,10.31,7.60,9.01,9.37,10.04],
  [9.24,6.43,3.53,11.29,19.75,13.89,11.10,11.06,9.23,9.52,9.52,9.79,9.80,8.21,9.82,3.01,99.00,0.32,2.03,3.85,3.79,2.64,3.49,3.04,0.90,3.73,1.07,2.55,2.29,2.96,2.03,1.92,4.75,3.11,2.86,2.05,3.59,9.82,15.14,15.28,18.74,19.04,15.36,13.39,16.26,12.96,18.87,18.30,18.35,24.19,25.41,22.07,22.59,19.41,24.19,15.78,11.98,10.38,10.81,12.81,14.59,12.20,10.29,15.39,13.35,12.63,14.29,11.74,11.81,15.12,12.76,14.45,10.95,10.85,13.24,12.55,10.52,14.13,13.56,15.59,16.36,12.95,14.13,13.41,11.50,11.68,11.23,12.84,11.84,13.10,10.29,11.04,11.51,10.59,13.33,11.07,10.23,10.49,12.45,10.94,13.30,13.42,10.39,11.78,10.50,11.75,10.71,10.23,11.45,11.71,9.49,11.33,10.14,13.05,12.67,13.07,11.83,12.29,12.92,12.47,12.97,9.96,12.16,13.48,9.54,13.20,9.43,9.70,11.75,8.76,8.02,8.97,7.91,7.82,8.97,9.66,9.13,8.46,8.46,10.24,8.71,8.52,9.52,9.83,3.46,3.55,3.55,4.74,5.73,4.93,3.70,4.66,1.59,2.14,4.11,4.63,3.58,3.12,4.08,3.01,3.14,4.14,3.50,4.55,2.74,4.38,5.31,5.32,8.43,8.97,8.67,8.69,8.86,7.88,7.60,8.02,8.92],
  [9.16,6.12,3.84,11.41,19.71,13.99,10.99,10.94,9.07,9.56,9.56,9.68,9.76,8.38,9.76,3.29,0.32,99.00,1.86,3.81,3.59,2.79,3.54,3.29,1.01,3.64,0.89,2.42,2.15,3.07,1.98,2.23,4.50,3.09,2.95,2.20,3.41,9.88,15.14,15.29,18.69,19.00,15.31,13.36,16.19,12.90,18.92,18.34,18.39,24.22,25.44,22.14,22.65,19.46,24.21,15.95,12.02,10.41,10.91,12.95,14.67,12.28,10.40,15.43,13.43,12.72,14.33,11.89,11.89,15.18,12.77,14.52,11.02,10.83,13.37,12.58,10.50,14.16,13.63,15.77,16.52,13.03,14.18,13.51,11.62,11.76,11.21,12.87,11.93,13.17,10.34,11.07,11.36,10.48,13.21,10.97,10.15,10.43,12.33,10.86,13.17,13.29,10.24,11.69,10.42,11.64,10.58,10.13,11.33,11.60,9.40,11.21,9.97,12.91,12.56,12.94,11.71,12.15,12.82,12.33,12.84,9.80,12.04,13.35,9.37,13.08,9.32,9.51,11.65,8.84,8.17,9.06,8.02,8.00,9.13,9.70,9.24,8.50,8.50,10.26,8.75,8.65,9.58,9.88,3.70,3.84,3.84,4.48,5.53,4.78,3.52,4.42,1.71,2.02,4.12,4.51,3.30,2.86,3.85,3.33,3.30,3.96,3.31,4.34,2.53,4.45,5.13,5.12,8.22,8.74,8.56,8.57,8.62,7.82,7.38,7.80,8.71],
  [7.40,5.89,4.86,13.26,21.20,12.87,12.27,12.20,10.15,11.30,11.30,10.99,11.32,10.23,11.26,3.91,2.03,1.86,99.00,2.28,1.77,2.48,2.50,3.62,1.57,1.91,0.97,0.68,0.40,2.46,0.85,3.35,2.82,1.72,2.25,2.14,1.56,11.66,16.79,16.95,20.18,20.54,16.81,14.92,17.59,14.38,20.67,20.07,20.13,25.94,27.13,23.92,24.42,21.21,25.90,17.80,13.74,12.13,12.74,14.81,16.47,14.10,12.23,17.16,15.24,14.54,16.05,13.75,13.68,16.94,14.46,16.30,12.81,12.44,15.22,14.31,12.11,15.88,15.42,17.62,18.38,14.83,15.94,15.33,13.46,13.56,12.82,14.60,13.76,14.94,12.09,12.80,9.51,8.67,11.37,9.15,8.37,8.72,10.49,9.10,11.33,11.45,8.39,9.90,8.65,9.82,8.73,8.33,9.50,9.77,7.62,9.38,8.12,11.06,10.73,11.10,9.90,10.30,11.01,10.48,10.99,7.95,10.21,11.51,7.51,11.25,7.50,7.67,9.85,7.64,7.39,7.97,6.98,7.41,8.37,8.31,8.20,7.16,7.16,8.80,7.40,7.75,8.25,8.54,5.47,5.42,5.42,5.06,6.48,6.03,4.67,5.16,3.56,3.51,5.85,5.83,3.78,3.61,4.69,4.72,5.16,5.06,4.43,5.30,3.58,6.26,6.21,6.10,6.41,6.96,6.75,6.75,6.87,6.12,5.60,6.01,6.89],
  [5.42,7.73,5.27,15.06,23.44,10.64,14.54,14.47,12.42,13.36,13.36,13.26,13.53,11.85,13.49,4.07,3.85,3.81,2.28,99.00,2.14,2.23,1.11,3.53,3.01,0.66,3.01,1.61,1.88,1.80,1.83,4.22,3.22,0.75,1.66,2.47,1.69,13.67,18.95,19.10,22.42,22.77,19.05,17.13,19.86,16.63,22.72,22.15,22.19,28.03,29.25,25.91,26.43,23.26,28.02,19.44,15.83,14.22,14.63,16.53,18.43,16.03,14.10,19.23,17.19,16.46,18.14,15.45,15.66,18.97,16.58,18.30,14.80,14.62,16.99,16.39,14.29,17.97,17.41,19.19,20.02,16.80,17.98,17.23,15.30,15.52,15.00,16.68,15.67,16.95,14.14,14.88,7.95,6.85,9.66,7.32,6.43,6.64,8.78,7.11,9.64,9.75,6.88,7.99,6.68,8.01,7.11,6.48,7.75,8.01,5.69,7.63,6.77,9.43,8.94,9.40,8.09,8.68,9.17,8.85,9.35,6.53,8.47,9.83,6.27,9.49,5.72,6.62,7.99,5.41,5.44,5.77,4.84,5.62,6.40,6.03,6.03,4.89,4.89,6.53,5.12,5.69,5.97,6.26,6.88,6.52,6.52,7.28,8.75,8.30,6.94,7.41,5.43,5.71,7.93,8.09,6.01,5.88,6.96,5.63,6.88,7.34,6.70,7.57,5.86,8.23,8.48,8.37,5.58,6.30,4.96,5.03,6.35,4.03,5.07,5.39,6.00],
  [6.09,5.71,6.45,14.92,22.35,12.46,13.24,13.15,10.98,12.80,12.80,12.02,12.59,11.96,12.47,5.38,3.79,3.59,1.77,2.14,99.00,3.67,3.03,4.97,3.30,1.48,2.72,1.49,1.62,3.42,2.23,5.03,1.20,2.17,3.21,3.55,0.46,13.20,18.13,18.32,21.32,21.75,17.99,16.17,18.65,15.55,22.15,21.51,21.58,27.35,28.52,25.43,25.92,22.68,27.27,19.51,15.20,13.59,14.36,16.50,18.03,15.68,13.87,18.62,16.80,16.13,17.50,15.45,15.24,18.44,15.86,17.83,14.37,13.76,16.89,15.76,13.43,17.32,16.96,19.35,20.09,16.38,17.43,16.92,15.10,15.13,14.14,16.06,15.35,16.46,13.60,14.27,7.88,7.19,9.80,7.68,6.99,7.49,8.92,7.76,9.74,9.87,6.75,8.48,7.30,8.32,7.14,6.88,7.97,8.23,6.26,7.85,6.43,9.45,9.21,9.52,8.39,8.69,9.51,8.88,9.38,6.28,8.65,9.91,5.80,9.71,6.03,5.92,8.38,7.28,7.55,7.72,6.86,7.75,8.50,7.63,8.01,6.61,6.61,8.02,6.82,7.76,7.67,7.94,7.24,7.18,7.18,5.70,7.32,7.14,5.79,5.91,5.28,4.96,7.38,7.02,4.51,4.57,5.58,6.44,6.89,6.11,5.55,6.23,4.76,7.87,7.17,6.98,4.64,5.19,5.30,5.25,5.11,4.99,3.83,4.24,5.12],
  [7.41,8.33,3.03,13.21,22.30,11.27,13.74,13.70,11.86,11.85,11.85,12.42,12.35,9.90,12.40,1.84,2.64,2.79,2.48,2.23,3.67,99.00,1.26,1.34,1.79,2.60,2.43,2.25,2.29,0.48,1.64,2.14,4.87,1.64,0.58,0.60,3.23,12.07,17.58,17.70,21.30,21.56,17.91,15.92,18.86,15.53,21.12,20.60,20.63,26.49,27.74,24.23,24.77,21.65,26.54,17.44,14.33,12.74,12.87,14.61,16.73,14.32,12.33,17.69,15.50,14.72,16.62,13.51,14.00,17.36,15.16,16.64,13.16,13.35,15.10,14.90,13.03,16.47,15.75,17.16,18.02,15.13,16.38,15.48,13.49,13.84,13.72,15.17,13.93,15.33,12.60,13.39,10.13,8.94,11.76,9.39,8.44,8.49,10.89,9.06,11.75,11.86,9.08,9.98,8.65,10.08,9.28,8.55,9.85,10.12,7.72,9.73,9.00,11.57,11.01,11.51,10.16,10.83,11.21,11.00,11.50,8.75,10.57,11.95,8.50,11.58,7.83,8.85,10.02,6.20,5.39,6.36,5.30,5.22,6.34,7.22,6.51,6.00,6.00,7.84,6.26,5.88,7.03,7.34,4.91,4.39,4.39,7.15,8.31,7.56,6.30,7.14,3.97,4.78,6.60,7.27,5.89,5.55,6.59,3.47,5.15,6.75,6.10,7.11,5.29,6.72,7.92,7.90,7.77,8.47,7.09,7.18,8.48,5.96,7.19,7.54,8.20],
  [6.15,8.33,4.25,14.42,23.24,10.49,14.51,14.45,12.50,12.93,12.93,13.20,13.29,11.13,13.30,3.03,3.49,3.54,2.50,1.11,3.03,1.26,99.00,2.47,2.58,1.66,2.90,1.97,2.15,0.79,1.74,3.39,4.19,0.88,0.73,1.68,2.56,13.18,18.61,18.74,22.23,22.52,18.84,16.88,19.73,16.44,22.25,21.71,21.74,27.59,28.84,25.38,25.92,22.78,27.62,18.69,15.41,13.81,14.05,15.84,17.89,15.48,13.51,18.79,16.66,15.89,17.71,14.74,15.14,18.49,16.21,17.79,14.29,14.34,16.32,15.98,14.01,17.56,16.90,18.41,19.27,16.28,17.50,16.66,14.68,14.99,14.71,16.25,15.10,16.46,13.69,14.47,8.88,7.67,10.50,8.12,7.18,7.25,9.63,7.80,10.49,10.60,7.83,8.72,7.39,8.81,8.02,7.28,8.59,8.85,6.46,8.47,7.78,10.31,9.75,10.25,8.90,9.57,9.94,9.74,10.24,7.52,9.31,10.69,7.30,10.31,6.57,7.68,8.76,5.31,4.90,5.56,4.54,4.93,5.87,6.18,5.77,4.97,4.97,6.76,5.22,5.27,6.04,6.34,6.14,5.66,5.66,7.53,8.87,8.27,6.94,7.60,4.98,5.54,7.58,8.02,6.25,6.02,7.09,4.73,6.30,7.37,6.72,7.67,5.88,7.78,8.54,8.47,6.67,7.40,5.82,5.93,7.46,4.70,6.18,6.50,7.09],
  [8.48,9.26,1.80,12.48,22.10,11.44,13.83,13.80,12.12,11.44,11.44,12.50,12.19,9.08,12.31,0.59,3.04,3.29,3.62,3.53,4.97,1.34,2.47,99.00,2.43,3.93,3.27,3.52,3.50,1.73,2.83,1.59,6.17,2.98,1.89,1.47,4.55,11.58,17.22,17.32,21.11,21.30,17.73,15.70,18.78,15.40,20.57,20.10,20.10,25.96,27.25,23.59,24.15,21.09,26.06,16.54,13.90,12.35,12.24,13.79,16.11,13.71,11.68,17.19,14.90,14.08,16.16,12.70,13.44,16.82,14.78,16.07,12.62,13.11,14.32,14.46,12.79,16.03,15.18,16.21,17.11,14.55,15.86,14.82,12.79,13.25,13.48,14.72,13.30,14.80,12.15,12.97,11.32,10.05,12.88,10.49,9.50,9.45,12.02,10.07,12.88,12.98,10.29,11.02,9.68,11.17,10.46,9.65,10.98,11.24,8.80,10.86,10.25,12.73,12.11,12.64,11.26,11.99,12.27,12.16,12.65,9.99,11.70,13.08,9.78,12.68,8.98,10.15,11.10,6.63,5.39,6.67,5.61,5.02,6.27,7.83,6.75,6.62,6.62,8.50,6.87,5.99,7.58,7.88,4.20,3.47,3.47,7.77,8.73,7.83,6.68,7.70,3.92,5.08,6.46,7.49,6.58,6.15,7.11,2.52,4.72,7.13,6.50,7.56,5.77,6.42,8.27,8.32,9.10,9.80,8.25,8.37,9.82,7.01,8.53,8.88,9.52],
  [8.42,6.83,3.36,12.06,20.66,12.99,11.99,11.94,10.08,10.39,10.39,10.68,10.71,8.90,10.72,2.56,0.90,1.01,1.57,3.01,3.30,1.79,2.58,2.43,99.00,2.97,0.87,1.89,1.69,2.07,1.24,1.80,4.38,2.26,1.96,1.20,3.02,10.67,16.03,16.17,19.65,19.94,16.26,14.30,17.17,13.86,19.73,19.17,19.21,25.06,26.29,22.91,23.43,20.27,25.07,16.49,12.86,11.26,11.62,13.55,15.42,13.03,11.10,16.26,14.19,13.45,15.17,12.48,12.66,15.98,13.64,15.30,11.80,11.75,14.00,13.43,11.42,15.01,14.41,16.28,17.07,13.80,14.99,14.23,12.30,12.51,12.13,13.71,12.66,13.96,11.16,11.92,10.80,9.82,12.59,10.29,9.43,9.65,11.71,10.12,12.56,12.68,9.69,10.98,9.68,10.97,9.99,9.45,10.69,10.96,8.68,10.57,9.49,12.32,11.90,12.32,11.05,11.57,12.14,11.74,12.25,9.29,11.41,12.75,8.91,12.44,8.66,9.12,10.97,7.86,7.17,8.07,7.02,7.00,8.12,8.76,8.24,7.55,7.55,9.34,7.81,7.64,8.62,8.93,4.01,3.87,3.87,5.41,6.53,5.79,4.52,5.38,2.43,3.02,5.00,5.51,4.18,3.80,4.82,3.16,3.88,4.96,4.31,5.33,3.51,5.25,6.13,6.12,7.90,8.49,7.90,7.94,8.41,7.04,7.13,7.54,8.37],
  [5.52,7.11,5.60,15.01,23.11,11.18,14.14,14.06,11.97,13.18,13.18,12.87,13.23,11.87,13.17,4.43,3.73,3.64,1.91,0.66,1.48,2.60,1.66,3.93,2.97,99.00,2.77,1.25,1.53,2.23,1.73,4.41,2.56,0.96,2.05,2.70,1.04,13.51,18.69,18.86,22.09,22.46,18.72,16.83,19.49,16.29,22.55,21.96,22.01,27.83,29.03,25.77,26.28,23.08,27.80,19.46,15.63,14.02,14.54,16.52,18.31,15.92,14.02,19.05,17.07,16.36,17.94,15.44,15.52,18.81,16.36,18.15,14.66,14.35,16.96,16.19,14.02,17.77,17.27,19.24,20.04,16.67,17.81,17.14,15.23,15.39,14.73,16.49,15.57,16.80,13.97,14.69,7.84,6.86,9.62,7.34,6.51,6.82,8.74,7.22,9.59,9.71,6.74,8.06,6.78,8.02,7.02,6.50,7.73,7.99,5.76,7.61,6.57,9.36,8.94,9.36,8.10,8.60,9.19,8.78,9.28,6.35,8.44,9.78,6.02,9.48,5.70,6.31,8.02,5.96,6.08,6.35,5.45,6.28,7.05,6.48,6.62,5.38,5.38,6.94,5.60,6.32,6.45,6.74,6.95,6.68,6.68,6.77,8.29,7.92,6.55,6.93,5.32,5.42,7.73,7.74,5.52,5.44,6.51,5.83,6.84,6.93,6.31,7.13,5.47,8.09,8.06,7.92,5.19,5.87,4.94,4.97,5.89,4.21,4.60,4.95,5.63],
  [8.30,5.99,4.22,12.30,20.44,13.40,11.62,11.56,9.60,10.40,10.40,10.32,10.52,9.26,10.49,3.43,1.07,0.89,0.97,3.01,2.72,2.43,2.90,3.27,0.87,2.77,99.00,1.54,1.27,2.59,1.20,2.62,3.70,2.32,2.42,1.91,2.53,10.74,15.95,16.10,19.43,19.76,16.05,14.13,16.88,13.63,19.78,19.18,19.24,25.06,26.27,23.00,23.51,20.31,25.04,16.83,12.86,11.25,11.79,13.84,15.54,13.16,11.28,16.27,14.31,13.60,15.17,12.78,12.76,16.03,13.59,15.38,11.89,11.62,14.26,13.42,11.29,15.00,14.50,16.65,17.41,13.90,15.03,14.39,12.51,12.63,12.00,13.71,12.81,14.03,11.19,11.92,10.47,9.60,12.32,10.09,9.28,9.59,11.44,10.00,12.28,12.41,9.35,10.82,9.55,10.76,9.69,9.26,10.45,10.71,8.53,10.33,9.09,12.02,11.67,12.05,10.83,11.26,11.94,11.44,11.95,8.92,11.15,12.46,8.48,12.20,8.44,8.64,10.77,8.20,7.71,8.46,7.44,7.62,8.68,8.98,8.67,7.80,7.80,9.51,8.04,8.14,8.88,9.18,4.52,4.54,4.54,4.73,5.98,5.37,4.04,4.75,2.60,2.71,4.95,5.14,3.46,3.16,4.22,3.91,4.19,4.47,3.81,4.78,2.98,5.32,5.64,5.58,7.36,7.90,7.68,7.69,7.80,6.98,6.54,6.96,7.85],
  [6.76,6.36,4.96,13.83,21.87,12.23,12.94,12.87,10.82,11.94,11.94,11.67,11.99,10.74,11.93,3.90,2.55,2.42,0.68,1.61,1.49,2.25,1.97,3.52,1.89,1.25,1.54,99.00,0.29,2.10,0.74,3.55,2.67,1.12,1.89,2.07,1.14,12.28,17.45,17.61,20.85,21.22,17.49,15.59,18.27,15.06,21.31,20.71,20.77,26.59,27.78,24.54,25.05,21.84,26.55,18.33,14.38,12.77,13.33,15.36,17.08,14.70,12.82,17.80,15.85,15.14,16.70,14.29,14.30,17.57,15.11,16.92,13.43,13.11,15.78,14.95,12.77,16.52,16.04,18.13,18.91,15.44,16.57,15.92,14.04,14.17,13.48,15.24,14.35,15.57,12.73,13.44,8.96,8.06,10.79,8.55,7.74,8.07,9.91,8.46,10.75,10.88,7.84,9.28,8.02,9.22,8.17,7.71,8.91,9.18,6.99,8.79,7.61,10.50,10.14,10.52,9.29,9.74,10.40,9.92,10.43,7.43,9.62,10.94,7.03,10.66,6.90,7.23,9.23,7.00,6.84,7.33,6.37,6.90,7.81,7.64,7.58,6.50,6.50,8.13,6.73,7.16,7.58,7.87,5.90,5.75,5.75,5.69,7.14,6.70,5.34,5.80,4.12,4.17,6.48,6.51,4.42,4.27,5.35,4.98,5.68,5.73,5.10,5.97,4.26,6.86,6.88,6.76,6.01,6.62,6.14,6.15,6.56,5.46,5.27,5.67,6.48],
  [7.04,6.19,4.86,13.57,21.59,12.49,12.66,12.59,10.55,11.66,11.66,11.39,11.70,10.50,11.64,3.85,2.29,2.15,0.40,1.88,1.62,2.29,2.15,3.50,1.69,1.53,1.27,0.29,99.00,2.19,0.67,3.41,2.76,1.34,1.98,2.03,1.33,12.00,17.16,17.33,20.57,20.93,17.20,15.30,17.99,14.77,21.03,20.43,20.48,26.30,27.50,24.26,24.77,21.56,26.27,18.08,14.10,12.49,13.06,15.10,16.81,14.43,12.55,17.52,15.57,14.87,16.41,14.03,14.02,17.29,14.82,16.64,13.15,12.82,15.52,14.67,12.49,16.24,15.76,17.88,18.66,15.16,16.29,15.65,13.77,13.89,13.20,14.96,14.08,15.29,12.45,13.16,9.21,8.33,11.06,8.82,8.02,8.35,10.17,8.74,11.02,11.14,8.10,9.56,8.30,9.49,8.43,7.99,9.18,9.44,7.27,9.06,7.85,10.76,10.40,10.79,9.57,10.00,10.67,10.18,10.69,7.67,9.89,11.20,7.26,10.93,7.17,7.44,9.51,7.25,7.04,7.58,6.60,7.08,8.02,7.91,7.82,6.77,6.77,8.41,7.00,7.39,7.85,8.14,5.68,5.57,5.57,5.44,6.87,6.42,5.06,5.55,3.86,3.89,6.20,6.23,4.16,4.01,5.08,4.82,5.43,5.46,4.82,5.70,3.98,6.59,6.60,6.49,6.21,6.79,6.41,6.42,6.72,5.75,5.44,5.84,6.68],
  [6.93,8.35,3.48,13.68,22.68,10.93,14.06,14.01,12.13,12.28,12.28,12.75,12.73,10.37,12.77,2.27,2.96,3.07,2.46,1.80,3.42,0.48,0.79,1.73,2.07,2.23,2.59,2.10,2.19,99.00,1.61,2.62,4.62,1.29,0.22,0.98,2.97,12.51,17.99,18.12,21.68,21.95,18.29,16.31,19.22,15.90,21.57,21.04,21.07,26.93,28.18,24.68,25.22,22.10,26.97,17.92,14.76,13.17,13.33,15.08,17.18,14.78,12.79,18.13,15.95,15.18,17.05,13.99,14.45,17.81,15.58,17.10,13.61,13.75,15.58,15.33,13.42,16.91,16.20,17.64,18.50,15.58,16.83,15.94,13.95,14.29,14.12,15.60,14.39,15.78,13.03,13.82,9.66,8.46,11.28,8.91,7.96,8.01,10.41,8.57,11.28,11.38,8.61,9.50,8.16,9.60,8.81,8.07,9.38,9.64,7.24,9.26,8.54,11.10,10.53,11.03,9.68,10.36,10.73,10.53,11.02,8.29,10.10,11.47,8.06,11.10,7.35,8.42,9.54,5.82,5.13,6.01,4.95,5.03,6.10,6.79,6.18,5.57,5.57,7.41,5.83,5.58,6.62,6.93,5.39,4.88,4.88,7.31,8.54,7.85,6.56,7.33,4.36,5.08,6.99,7.58,6.04,5.74,6.80,3.95,5.60,7.00,6.35,7.34,5.53,7.14,8.17,8.14,7.37,8.08,6.61,6.71,8.11,5.48,6.82,7.16,7.79],
  [7.21,6.74,4.22,13.29,21.64,12.22,12.82,12.75,10.78,11.53,11.53,11.52,11.71,10.15,11.69,3.18,2.03,1.98,0.85,1.83,2.23,1.64,1.74,2.83,1.24,1.73,1.20,0.74,0.67,1.61,99.00,2.83,3.40,1.12,1.40,1.36,1.87,11.84,17.11,17.27,20.62,20.95,17.25,15.32,18.09,14.83,20.89,20.32,20.36,26.20,27.41,24.09,24.61,21.43,26.19,17.74,13.99,12.39,12.83,14.79,16.62,14.22,12.31,17.40,15.38,14.66,16.30,13.72,13.84,17.14,14.75,16.47,12.98,12.80,15.24,14.56,12.47,16.14,15.59,17.52,18.32,14.98,16.15,15.43,13.52,13.70,13.18,14.85,13.86,15.13,12.31,13.05,9.56,8.58,11.35,9.06,8.21,8.46,10.46,8.91,11.32,11.44,8.45,9.76,8.47,9.74,8.75,8.22,9.45,9.72,7.46,9.33,8.25,11.08,10.67,11.08,9.82,10.32,10.91,10.50,11.00,8.05,10.17,11.50,7.68,11.21,7.42,7.92,9.74,7.01,6.62,7.29,6.28,6.59,7.59,7.78,7.50,6.60,6.60,8.32,6.84,7.01,7.68,7.98,5.25,5.04,5.04,5.79,7.13,6.57,5.23,5.85,3.61,3.90,6.10,6.34,4.51,4.28,5.35,4.25,5.12,5.65,5.00,5.94,4.15,6.41,6.81,6.74,6.72,7.34,6.66,6.70,7.29,5.85,6.00,6.39,7.18],
  [9.54,8.34,1.62,11.09,20.51,13.02,12.26,12.24,10.62,9.88,9.88,10.94,10.60,7.75,10.72,1.28,1.92,2.23,3.35,4.22,5.03,2.14,3.39,1.59,1.80,4.41,2.62,3.55,3.41,2.62,2.83,99.00,6.15,3.51,2.67,1.75,4.69,10.05,15.66,15.76,19.52,19.72,16.14,14.12,17.19,13.81,19.07,18.58,18.59,24.45,25.73,22.14,22.69,19.60,24.54,15.30,12.35,10.79,10.78,12.47,14.64,12.24,10.23,15.67,13.42,12.63,14.62,11.37,11.94,15.32,13.22,14.58,11.11,11.53,12.97,12.92,11.21,14.49,13.69,15.02,15.88,13.06,14.35,13.38,11.37,11.77,11.89,13.18,11.84,13.29,10.61,11.42,12.18,11.04,13.86,11.50,10.57,10.63,12.98,11.19,13.85,13.96,11.10,12.11,10.78,12.19,11.33,10.66,11.95,12.21,9.84,11.83,10.96,13.65,13.13,13.61,12.27,12.90,13.33,13.07,13.57,10.74,12.67,14.04,10.43,13.69,9.92,10.70,12.15,8.14,6.98,8.22,7.15,6.61,7.86,9.27,8.31,8.04,8.04,9.91,8.30,7.57,9.04,9.35,2.77,2.29,2.29,6.55,7.33,6.35,5.29,6.41,2.38,3.68,4.88,6.00,5.45,4.95,5.81,1.43,3.15,5.74,5.13,6.20,4.49,4.84,6.84,6.92,9.53,10.16,9.17,9.25,10.12,8.09,8.82,9.21,9.99],
  [6.11,5.12,7.61,15.61,22.46,13.08,13.27,13.17,10.92,13.29,13.29,12.10,12.87,12.78,12.70,6.57,4.75,4.50,2.82,3.22,1.20,4.87,4.19,6.17,4.38,2.56,3.70,2.67,2.76,4.62,3.40,6.15,99.00,3.36,4.41,4.74,1.65,13.75,18.44,18.65,21.44,21.92,18.15,16.40,18.72,15.72,22.58,21.91,22.00,27.72,28.84,25.90,26.38,23.11,27.59,20.27,15.64,14.05,14.99,17.22,18.58,16.26,14.51,19.05,17.35,16.73,17.92,16.19,15.78,18.91,16.24,18.34,14.91,14.08,17.58,16.19,13.75,17.73,17.48,20.14,20.85,16.92,17.91,17.52,15.76,15.70,14.45,16.50,15.96,16.97,14.09,14.72,7.41,6.97,9.40,7.46,6.90,7.55,8.55,7.70,9.33,9.47,6.29,8.32,7.25,8.06,6.75,6.71,7.67,7.91,6.22,7.56,5.87,9.00,8.89,9.12,8.12,8.25,9.23,8.44,8.93,5.78,8.31,9.49,5.20,9.35,5.86,5.19,8.16,8.00,8.50,8.48,7.70,8.77,9.43,8.16,8.80,7.24,7.24,8.45,7.42,8.64,8.25,8.49,8.20,8.23,8.23,5.65,7.34,7.37,6.09,5.94,6.12,5.55,7.97,7.32,4.62,4.83,5.71,7.54,7.74,6.34,5.86,6.36,5.15,8.54,7.29,7.05,3.85,4.28,5.19,5.08,4.13,5.25,2.92,3.35,4.34],
  [6.17,7.46,4.64,14.31,22.76,11.16,13.92,13.86,11.85,12.63,12.63,12.63,12.84,11.10,12.81,3.47,3.11,3.09,1.72,0.75,2.17,1.64,0.88,2.98,2.26,0.96,2.32,1.12,1.34,1.29,1.12,3.51,3.36,99.00,1.10,1.77,1.71,12.93,18.23,18.38,21.75,22.08,18.37,16.44,19.20,15.95,21.99,21.42,21.46,27.30,28.52,25.17,25.69,22.52,27.30,18.69,15.10,13.49,13.88,15.78,17.68,15.29,13.35,18.50,16.45,15.71,17.41,14.70,14.91,18.23,15.86,17.55,14.06,13.92,16.24,15.66,13.59,17.24,16.67,18.45,19.27,16.05,17.24,16.49,14.55,14.77,14.30,15.95,14.92,16.21,13.41,14.15,8.67,7.60,10.40,8.07,7.18,7.39,9.52,7.86,10.37,10.49,7.59,8.74,7.43,8.75,7.84,7.23,8.49,8.76,6.44,8.37,7.45,10.16,9.69,10.14,8.84,9.41,9.92,9.58,10.09,7.23,9.21,10.57,6.93,10.24,6.46,7.24,8.74,5.93,5.72,6.25,5.26,5.79,6.69,6.66,6.48,5.49,5.49,7.19,5.73,6.05,6.57,6.87,6.14,5.80,5.80,6.78,8.19,7.67,6.32,6.88,4.69,5.03,7.21,7.45,5.50,5.32,6.40,4.93,6.13,6.73,6.09,7.00,5.24,7.50,7.89,7.80,6.14,6.83,5.70,5.76,6.85,4.78,5.55,5.90,6.58],
  [6.88,8.14,3.61,13.69,22.60,11.04,13.94,13.89,11.99,12.24,12.24,12.63,12.65,10.40,12.67,2.41,2.86,2.95,2.25,1.66,3.21,0.58,0.73,1.89,1.96,2.05,2.42,1.89,1.98,0.22,1.40,2.67,4.41,1.10,99.00,0.96,2.76,12.48,17.93,18.06,21.59,21.87,18.21,16.23,19.12,15.81,21.54,21.01,21.04,26.89,28.14,24.67,25.21,22.07,26.93,17.96,14.72,13.12,13.33,15.11,17.17,14.77,12.79,18.09,15.94,15.17,17.01,14.02,14.43,17.78,15.53,17.07,13.58,13.68,15.60,15.28,13.35,16.86,16.18,17.69,18.54,15.56,16.80,15.94,13.96,14.27,14.05,15.56,14.38,15.76,13.00,13.77,9.56,8.39,11.21,8.84,7.90,7.98,10.33,8.53,11.20,11.30,8.50,9.45,8.11,9.53,8.71,8.00,9.30,9.56,7.17,9.18,8.42,11.01,10.46,10.96,9.61,10.27,10.66,10.44,10.93,8.17,10.02,11.39,7.92,11.03,7.27,8.27,9.48,5.90,5.29,6.11,5.07,5.21,6.26,6.85,6.29,5.63,5.63,7.45,5.88,5.72,6.68,6.99,5.41,4.94,4.94,7.14,8.39,7.72,6.42,7.17,4.30,4.96,6.92,7.45,5.86,5.58,6.64,4.02,5.58,6.86,6.20,7.19,5.38,7.09,8.03,7.99,7.21,7.91,6.52,6.61,7.94,5.43,6.64,6.99,7.64],
  [7.81,7.88,2.93,12.74,21.72,11.86,13.14,13.10,11.27,11.30,11.30,11.83,11.77,9.46,11.81,1.83,2.05,2.20,2.14,2.47,3.55,0.60,1.68,1.47,1.20,2.70,1.91,2.07,2.03,0.98,1.36,1.75,4.74,1.77,0.96,99.00,3.15,11.53,17.01,17.14,20.71,20.98,17.33,15.34,18.27,14.95,20.59,20.06,20.09,25.95,27.20,23.72,24.25,21.12,25.99,17.02,13.78,12.19,12.37,14.16,16.22,13.81,11.83,17.15,14.99,14.22,16.07,13.07,13.48,16.83,14.60,16.12,12.63,12.78,14.64,14.35,12.45,15.93,15.23,16.76,17.60,14.61,15.85,14.98,13.00,13.32,13.15,14.62,13.43,14.81,12.05,12.84,10.42,9.29,12.11,9.75,8.83,8.93,11.23,9.47,12.09,12.20,9.35,10.38,9.05,10.44,9.58,8.91,10.20,10.46,8.10,10.08,9.23,11.89,11.38,11.85,10.52,11.14,11.59,11.32,11.82,8.99,10.92,12.29,8.70,11.94,8.17,9.00,10.40,6.78,5.98,6.95,5.89,5.80,6.93,7.77,7.11,6.55,6.55,8.38,6.81,6.47,7.60,7.90,4.47,4.05,4.05,6.60,7.73,6.97,5.72,6.58,3.39,4.19,6.02,6.68,5.35,4.99,6.02,3.16,4.63,6.16,5.51,6.54,4.72,6.16,7.33,7.32,7.88,8.54,7.41,7.49,8.53,6.36,7.23,7.60,8.32],
  [6.00,6.09,6.07,14.81,22.46,12.13,13.40,13.32,11.18,12.78,12.78,12.16,12.66,11.79,12.55,4.98,3.59,3.41,1.56,1.69,0.46,3.23,2.56,4.55,3.02,1.04,2.53,1.14,1.33,2.97,1.87,4.69,1.65,1.71,2.76,3.15,99.00,13.16,18.17,18.35,21.44,21.84,18.09,16.25,18.79,15.66,22.14,21.52,21.58,27.37,28.55,25.40,25.90,22.68,27.31,19.36,15.20,13.59,14.27,16.36,17.98,15.61,13.77,18.62,16.75,16.06,17.50,15.31,15.19,18.42,15.88,17.79,14.32,13.81,16.77,15.76,13.48,17.32,16.92,19.18,19.94,16.33,17.41,16.85,15.00,15.07,14.19,16.06,15.28,16.43,13.57,14.26,7.96,7.18,9.84,7.67,6.93,7.37,8.96,7.68,9.79,9.92,6.84,8.45,7.23,8.32,7.19,6.85,7.99,8.25,6.19,7.87,6.56,9.52,9.22,9.57,8.40,8.76,9.51,8.94,9.45,6.39,8.69,9.97,5.95,9.74,6.01,6.12,8.37,6.93,7.12,7.34,6.46,7.31,8.08,7.35,7.63,6.29,6.29,7.76,6.51,7.35,7.36,7.63,7.00,6.88,6.88,5.92,7.50,7.24,5.88,6.11,5.12,4.94,7.33,7.10,4.70,4.70,5.74,6.12,6.72,6.23,5.64,6.38,4.83,7.78,7.32,7.15,4.88,5.48,5.27,5.25,5.42,4.82,4.13,4.53,5.36],
  [19.04,11.43,10.31,2.69,10.98,22.96,5.90,6.04,6.72,0.74,0.74,5.26,3.12,3.75,3.71,11.09,9.82,9.88,11.66,13.67,13.20,12.07,13.18,11.58,10.67,13.51,10.74,12.28,12.00,12.51,11.84,10.05,13.75,12.93,12.48,11.53,13.16,99.00,5.79,5.84,10.08,10.05,6.93,4.92,8.39,5.22,9.07,8.54,8.56,14.42,15.68,12.26,12.77,9.60,14.49,7.31,2.38,1.18,1.66,4.32,4.83,2.54,1.57,5.62,3.61,3.03,4.58,3.73,2.04,5.31,3.37,4.64,1.17,2.81,4.36,2.92,2.70,4.46,3.76,7.49,7.82,3.18,4.32,3.81,2.53,1.96,2.97,3.15,2.32,3.29,0.69,1.53,21.08,20.33,23.00,20.81,20.02,20.30,22.12,20.74,22.94,23.07,19.95,21.56,20.30,21.48,20.34,19.99,21.15,21.41,19.27,21.03,19.59,22.65,22.38,22.72,21.55,21.89,22.66,22.08,22.58,19.47,21.84,23.12,18.94,22.89,19.16,18.93,21.51,18.19,16.90,18.25,17.19,16.40,17.70,19.29,18.33,18.06,18.06,19.91,18.32,17.53,19.08,19.39,7.41,8.33,8.33,8.97,7.57,6.78,7.80,8.54,8.24,8.24,5.83,6.66,9.42,9.03,8.43,9.20,6.92,7.69,8.01,7.92,8.62,5.43,7.22,7.59,17.58,17.90,18.41,18.40,17.66,17.69,16.60,17.04,18.07],
  [24.16,14.95,16.06,6.49,5.29,28.66,6.26,6.44,8.56,5.80,5.80,6.87,5.57,9.33,5.81,16.77,15.14,15.14,16.79,18.95,18.13,17.58,18.61,17.22,16.03,18.69,15.95,17.45,17.16,17.99,17.11,15.66,18.44,18.23,17.93,17.01,18.17,5.79,99.00,0.35,4.48,4.29,2.34,2.32,3.93,3.36,4.59,3.74,3.92,9.30,10.40,7.99,8.32,5.08,9.15,8.10,3.41,4.88,5.93,6.86,3.77,4.69,6.41,1.94,3.96,4.72,1.79,7.27,4.49,2.62,2.45,3.17,5.01,4.37,6.28,2.90,4.70,1.69,3.45,8.74,8.29,3.90,2.59,4.60,6.02,4.77,3.99,2.75,5.13,3.34,5.15,4.30,25.85,25.31,27.84,25.80,25.10,25.51,26.99,25.86,27.77,27.91,24.74,26.61,25.41,26.44,25.19,25.01,26.07,26.33,24.36,25.96,24.29,27.44,27.31,27.56,26.51,26.69,27.63,26.88,27.37,24.22,26.74,27.93,23.61,27.78,24.16,23.49,26.51,23.76,22.59,23.87,22.80,22.13,23.42,24.78,23.97,23.56,23.56,25.37,23.81,23.21,24.61,24.91,13.13,14.09,14.09,13.00,11.32,11.07,12.37,12.63,13.63,13.27,11.03,11.13,13.85,13.62,12.75,14.92,12.51,12.10,12.60,12.13,13.37,10.86,11.23,11.52,22.13,22.32,23.43,23.38,22.01,22.91,21.11,21.54,22.61],
  [24.34,15.21,16.13,6.38,5.36,28.75,6.57,6.75,8.86,5.89,5.89,7.15,5.79,9.31,6.05,16.86,15.28,15.29,16.95,19.10,18.32,17.70,18.74,17.32,16.17,18.86,16.10,17.61,17.33,18.12,17.27,15.76,18.65,18.38,18.06,17.14,18.35,5.84,0.35,99.00,4.60,4.33,2.66,2.63,4.22,3.69,4.28,3.45,3.61,9.07,10.20,7.69,8.03,4.78,8.95,7.82,3.46,4.97,5.87,6.67,3.51,4.58,6.37,1.61,3.79,4.57,1.62,7.13,4.43,2.32,2.54,2.92,5.00,4.57,6.08,2.92,4.90,1.56,3.28,8.47,8.00,3.76,2.39,4.40,5.92,4.70,4.20,2.74,5.03,3.22,5.21,4.37,26.06,25.50,28.04,25.99,25.28,25.67,27.19,26.03,27.97,28.11,24.94,26.80,25.58,26.63,25.39,25.20,26.27,26.52,24.54,26.15,24.50,27.65,27.50,27.76,26.70,26.90,27.82,27.09,27.58,24.43,26.94,28.14,23.83,27.98,24.35,23.71,26.70,23.88,22.68,23.98,22.91,22.21,23.50,24.91,24.07,23.69,23.69,25.51,23.95,23.30,24.73,25.04,13.21,14.15,14.15,13.23,11.56,11.28,12.57,12.86,13.76,13.44,11.18,11.33,14.06,13.82,12.97,15.00,12.61,12.31,12.80,12.35,13.56,10.98,11.45,11.75,22.35,22.54,23.61,23.57,22.24,23.07,21.33,21.76,22.83],
  [27.41,17.27,20.10,10.97,1.03,32.52,8.22,8.35,10.68,9.94,9.94,9.34,8.95,13.73,8.93,20.70,18.74,18.69,20.18,22.42,21.32,21.30,22.23,21.11,19.65,22.09,19.43,20.85,20.57,21.68,20.62,19.52,21.44,21.75,21.59,20.71,21.44,10.08,4.48,4.60,99.00,1.04,3.39,5.41,2.86,5.79,5.93,5.17,5.45,7.91,8.50,8.32,8.30,6.11,7.29,11.96,7.76,9.03,10.39,11.23,7.91,9.17,10.86,5.87,8.37,9.17,6.21,11.73,8.97,6.64,6.73,7.39,9.43,8.00,10.61,7.31,8.31,6.15,7.87,12.68,12.02,8.36,6.96,8.97,10.51,9.25,7.64,7.20,9.61,7.82,9.40,8.55,28.75,28.41,30.77,28.89,28.29,28.80,29.94,29.07,30.68,30.82,27.66,29.75,28.62,29.50,28.16,28.14,29.10,29.34,27.57,28.99,27.14,30.31,30.31,30.49,29.55,29.59,30.67,29.78,30.25,27.12,29.72,30.82,26.46,30.75,27.28,26.24,29.60,27.49,26.50,27.65,26.59,26.10,27.36,28.39,27.79,27.19,27.19,28.94,27.44,27.08,28.26,28.57,17.17,18.17,18.17,15.80,14.10,14.20,15.56,15.50,17.33,16.72,14.70,14.35,16.85,16.75,15.76,18.94,16.41,15.21,15.80,15.11,16.62,14.68,14.17,14.39,24.91,24.97,26.58,26.50,24.62,26.25,23.88,24.29,25.36],
  [27.83,17.89,20.23,10.69,1.11,32.74,8.81,8.96,11.29,9.99,9.99,9.85,9.24,13.62,9.29,20.88,19.04,19.00,20.54,22.77,21.75,21.56,22.52,21.30,19.94,22.46,19.76,21.22,20.93,21.95,20.95,19.72,21.92,22.08,21.87,20.98,21.84,10.05,4.29,4.33,1.04,99.00,3.77,5.64,3.65,6.20,4.98,4.27,4.55,6.94,7.60,7.27,7.26,5.13,6.37,11.29,7.68,9.06,10.20,10.80,7.41,8.89,10.69,5.38,8.00,8.84,5.90,11.38,8.76,6.13,6.68,6.93,9.30,8.20,10.16,7.19,8.53,5.88,7.50,12.02,11.31,8.04,6.59,8.55,10.23,9.03,7.84,7.04,9.34,7.52,9.39,8.53,29.27,28.88,31.28,29.36,28.73,29.21,30.45,29.50,31.20,31.34,28.17,30.20,29.05,29.98,28.66,28.60,29.58,29.83,28.00,29.47,27.67,30.84,30.81,31.00,30.04,30.11,31.15,30.30,30.77,27.64,30.22,31.35,26.99,31.25,27.74,26.79,30.07,27.76,26.69,27.90,26.83,26.26,27.54,28.70,28.02,27.49,27.49,29.26,27.75,27.29,28.56,28.86,17.29,18.27,18.27,16.31,14.60,14.61,15.96,15.99,17.59,17.06,14.96,14.74,17.31,17.18,16.21,19.08,16.59,15.64,16.20,15.57,17.02,14.89,14.63,14.87,25.45,25.54,27.03,26.96,25.20,26.64,24.42,24.83,25.91],
  [24.08,14.17,16.76,8.28,4.40,29.14,5.11,5.27,7.58,6.69,6.69,6.09,5.56,10.66,5.56,17.33,15.36,15.31,16.81,19.05,17.99,17.91,18.84,17.73,16.26,18.72,16.05,17.49,17.20,18.29,17.25,16.14,18.15,18.37,18.21,17.33,18.09,6.93,2.34,2.66,3.39,3.77,99.00,2.07,1.66,2.44,6.33,5.43,5.67,10.19,11.08,9.55,9.76,6.75,9.81,10.41,4.77,5.81,7.53,8.93,6.06,6.55,7.93,4.27,6.06,6.69,3.99,9.18,6.19,4.95,3.76,5.44,6.47,4.64,8.41,4.44,4.95,3.81,5.57,11.03,10.62,5.89,4.79,6.73,7.83,6.47,4.30,4.44,6.93,5.32,6.24,5.42,25.50,25.11,27.52,25.60,24.97,25.46,26.68,25.75,27.43,27.58,24.40,26.44,25.29,26.21,24.89,24.83,25.82,26.06,24.24,25.71,23.91,27.08,27.04,27.24,26.27,26.35,27.38,26.53,27.01,23.87,26.45,27.58,23.23,27.49,23.97,23.03,26.30,24.10,23.12,24.27,23.20,22.73,23.99,25.01,24.40,23.81,23.81,25.56,24.06,23.70,24.88,25.18,13.82,14.84,14.84,12.54,10.83,10.86,12.21,12.22,13.95,13.34,11.32,11.00,13.54,13.42,12.45,15.59,13.04,11.88,12.45,11.80,13.27,11.31,10.86,11.10,21.69,21.79,23.27,23.19,21.46,22.90,20.66,21.07,22.15],
  [22.24,12.71,14.70,6.55,6.39,27.13,3.94,4.12,6.26,4.64,4.64,4.58,3.60,8.67,3.71,15.29,13.39,13.36,14.92,17.13,16.17,15.92,16.88,15.70,14.30,16.83,14.13,15.59,15.30,16.31,15.32,14.12,16.40,16.44,16.23,15.34,16.25,4.92,2.32,2.63,5.41,5.64,2.07,99.00,3.48,1.09,6.91,6.06,6.24,11.49,12.52,10.31,10.63,7.40,11.25,9.40,2.94,3.78,5.70,7.45,5.13,4.93,6.04,3.89,4.75,5.19,3.10,7.53,4.47,4.34,2.04,4.51,4.59,2.59,7.02,2.76,2.91,2.84,4.33,9.93,9.70,4.46,3.78,5.42,6.12,4.74,2.24,2.87,5.26,3.92,4.24,3.45,23.79,23.33,25.80,23.82,23.15,23.61,24.95,23.92,25.72,25.86,22.68,24.64,23.47,24.44,23.15,23.04,24.06,24.31,22.42,23.95,22.21,25.37,25.29,25.51,24.50,24.64,25.62,24.82,25.30,22.16,24.71,25.87,21.53,25.75,22.18,21.38,24.52,22.12,21.09,22.27,21.20,20.69,21.96,23.06,22.40,21.85,21.85,23.62,22.10,21.68,22.92,23.22,11.77,12.77,12.77,10.86,9.16,9.04,10.38,10.52,11.95,11.42,9.33,9.15,11.79,11.61,10.69,13.54,11.00,10.07,10.62,10.05,11.42,9.28,9.13,9.40,20.03,20.17,21.46,21.40,19.86,21.03,19.00,19.42,20.49],
  [24.73,14.44,17.92,9.90,3.85,30.13,5.45,5.56,7.87,8.08,8.08,6.63,6.61,12.14,6.48,18.41,16.26,16.19,17.59,19.86,18.65,18.86,19.73,18.78,17.17,19.49,16.88,18.27,17.99,19.22,18.09,17.19,18.72,19.20,19.12,18.27,18.79,8.39,3.93,4.22,2.86,3.65,1.66,3.48,99.00,3.41,7.41,6.52,6.79,10.54,11.25,10.39,10.51,7.76,10.01,12.03,6.35,7.24,9.12,10.58,7.69,8.18,9.49,5.83,7.72,8.35,5.63,10.82,7.80,6.54,5.35,7.07,8.03,5.89,10.06,6.05,6.16,5.46,7.23,12.66,12.22,7.55,6.44,8.39,9.46,8.08,5.59,6.07,8.56,6.97,7.71,6.92,25.98,25.69,28.00,26.17,25.59,26.14,27.18,26.38,27.91,28.06,24.90,27.03,25.93,26.76,25.41,25.43,26.36,26.60,24.88,26.25,24.37,27.54,27.57,27.72,26.82,26.82,27.93,27.01,27.47,24.36,26.97,28.05,23.69,27.99,24.57,23.45,26.87,25.03,24.15,25.22,24.16,23.80,25.04,25.86,25.38,24.68,24.68,26.39,24.93,24.70,25.76,26.06,15.00,16.03,16.03,13.07,11.37,11.57,12.94,12.78,14.93,14.19,12.32,11.76,14.15,14.09,13.08,16.74,14.15,12.57,13.18,12.43,14.01,12.40,11.49,11.69,22.13,22.17,23.88,23.79,21.81,23.62,21.10,21.50,22.57],
  [21.64,11.84,14.51,7.18,6.81,26.78,2.91,3.09,5.31,4.80,4.80,3.71,3.21,8.93,3.14,15.02,12.96,12.90,14.38,16.63,15.55,15.53,16.44,15.40,13.86,16.29,13.63,15.06,14.77,15.90,14.83,13.81,15.72,15.95,15.81,14.95,15.66,5.22,3.36,3.69,5.79,6.20,2.44,1.09,3.41,99.00,7.95,7.09,7.28,12.38,13.35,11.33,11.63,8.43,12.08,10.36,3.61,4.04,6.25,8.24,6.15,5.69,6.51,4.98,5.66,6.00,4.16,8.20,5.16,5.41,2.89,5.54,5.12,2.53,7.86,3.57,2.78,3.90,5.28,10.86,10.69,5.33,4.80,6.33,6.78,5.41,2.27,3.75,5.96,4.82,4.56,3.88,23.08,22.68,25.10,23.17,22.53,23.03,24.26,23.31,25.01,25.16,21.98,24.01,22.86,23.78,22.47,22.40,23.39,23.63,21.81,23.28,21.49,24.66,24.61,24.81,23.84,23.93,24.95,24.11,24.59,21.45,24.03,25.16,20.81,25.06,21.54,20.63,23.87,21.72,20.78,21.89,20.83,20.42,21.67,22.60,22.04,21.41,21.41,23.15,21.65,21.35,22.48,22.78,11.59,12.62,12.62,10.12,8.42,8.42,9.77,9.80,11.58,10.93,8.96,8.56,11.11,10.98,10.01,13.34,10.75,9.44,10.02,9.37,10.84,9.00,8.43,8.68,19.29,19.40,20.83,20.76,19.07,20.47,18.26,18.67,19.74],
  [28.07,19.41,19.18,8.38,5.98,31.85,10.84,11.02,13.13,9.37,9.37,11.41,9.88,11.80,10.22,20.06,18.87,18.92,20.67,22.72,22.15,21.12,22.25,20.57,19.73,22.55,19.78,21.31,21.03,21.57,20.89,19.07,22.58,21.99,21.54,20.59,22.14,9.07,4.59,4.28,5.93,4.98,6.33,6.91,7.41,7.95,99.00,0.90,0.67,5.40,6.74,3.42,3.82,0.54,5.64,7.07,6.95,8.55,8.38,7.73,4.56,6.89,8.94,3.53,5.71,6.57,4.65,8.64,7.13,3.76,6.38,4.50,7.96,8.63,7.04,6.39,8.94,4.86,5.39,7.84,6.93,6.03,4.75,5.91,7.98,7.32,8.28,6.09,7.32,5.79,8.58,7.88,29.98,29.32,31.93,29.81,29.04,29.36,31.06,29.77,31.87,32.01,28.85,30.58,29.33,30.46,29.27,28.99,30.12,30.38,28.30,30.00,28.45,31.56,31.35,31.66,30.53,30.81,31.65,30.99,31.49,28.35,30.80,32.04,27.78,31.85,28.15,27.71,30.50,27.20,25.81,27.23,26.18,25.25,26.55,28.33,27.29,27.11,27.11,28.97,27.37,26.46,28.12,28.43,16.37,17.21,17.21,17.32,15.68,15.28,16.50,16.93,17.30,17.20,14.83,15.28,18.05,17.76,16.98,18.12,15.97,16.28,16.73,16.38,17.44,14.49,15.52,15.84,26.35,26.59,27.41,27.38,26.30,26.74,25.34,25.77,26.83],
  [27.47,18.64,18.75,8.10,5.32,31.43,9.99,10.17,12.30,8.79,8.79,10.59,9.14,11.47,9.45,19.60,18.30,18.34,20.07,22.15,21.51,20.60,21.71,20.10,19.17,21.96,19.18,20.71,20.43,21.04,20.32,18.58,21.91,21.42,21.01,20.06,21.52,8.54,3.74,3.45,5.17,4.27,5.43,6.06,6.52,7.09,0.90,99.00,0.29,5.89,7.15,4.25,4.59,1.35,5.98,7.34,6.33,7.94,7.99,7.63,4.29,6.50,8.55,2.92,5.35,6.23,4.02,8.46,6.67,3.30,5.68,4.12,7.47,7.90,6.94,5.76,8.21,4.20,4.97,8.10,7.26,5.61,4.23,5.65,7.68,6.88,7.54,5.47,6.95,5.31,8.02,7.27,29.32,28.69,31.29,29.18,28.43,28.77,30.42,29.17,31.22,31.36,28.19,29.96,28.72,29.83,28.63,28.37,29.48,29.74,27.69,29.37,27.78,30.90,30.72,31.01,29.90,30.15,31.02,30.34,30.83,27.69,30.16,31.39,27.11,31.21,27.53,27.02,29.88,26.72,25.37,26.77,25.71,24.84,26.14,27.82,26.83,26.60,26.60,28.45,26.86,26.02,27.62,27.93,15.91,16.77,16.77,16.59,14.94,14.58,15.83,16.21,16.74,16.58,14.23,14.60,17.36,17.09,16.28,17.67,15.46,15.60,16.06,15.67,16.79,13.93,14.80,15.11,25.66,25.88,26.79,26.76,25.59,26.16,24.65,25.08,26.14],
  [27.53,18.77,18.74,8.03,5.59,31.42,10.18,10.36,12.47,8.83,8.83,10.75,9.26,11.42,9.58,19.60,18.35,18.39,20.13,22.19,21.58,20.63,21.74,20.10,19.21,22.01,19.24,20.77,20.48,21.07,20.36,18.59,22.00,21.46,21.04,20.09,21.58,8.56,3.92,3.61,5.45,4.55,5.67,6.24,6.79,7.28,0.67,0.29,99.00,5.86,7.15,4.08,4.44,1.17,6.01,7.12,6.39,8.00,7.96,7.50,4.21,6.47,8.52,2.96,5.30,6.18,4.08,8.36,6.67,3.29,5.77,4.08,7.48,8.01,6.81,5.83,8.32,4.27,4.94,7.89,7.03,5.59,4.24,5.57,7.61,6.87,7.66,5.53,6.91,5.30,8.05,7.32,29.40,28.76,31.36,29.25,28.49,28.82,30.49,29.23,31.30,31.43,28.28,30.02,28.78,29.90,28.70,28.43,29.55,29.81,27.75,29.44,27.86,30.98,30.79,31.08,29.97,30.23,31.09,30.42,30.91,27.77,30.23,31.47,27.20,31.28,27.59,27.12,29.95,26.73,25.36,26.77,25.71,24.82,26.12,27.84,26.83,26.62,26.62,28.47,26.88,26.01,27.63,27.94,15.91,16.76,16.76,16.70,15.05,14.68,15.91,16.32,16.78,16.64,14.28,14.69,17.46,17.18,16.38,17.67,15.48,15.69,16.14,15.77,16.86,13.97,14.91,15.22,25.76,25.98,26.85,26.82,25.70,26.21,24.74,25.17,26.23],
  [33.34,24.20,24.59,13.76,7.22,37.25,15.25,15.41,17.68,14.67,14.67,16.06,14.86,17.20,15.11,25.46,24.19,24.22,25.94,28.03,27.35,26.49,27.59,25.96,25.06,27.83,25.06,26.59,26.30,26.93,26.20,24.45,27.72,27.30,26.89,25.95,27.37,14.42,9.30,9.07,7.91,6.94,10.19,11.49,10.54,12.38,5.40,5.89,5.86,99.00,1.41,3.25,2.63,4.90,1.03,11.66,12.21,13.81,13.78,12.97,9.95,12.29,14.34,8.80,11.11,11.97,9.89,13.94,12.52,9.14,11.50,9.91,13.34,13.64,12.30,11.64,13.96,10.06,10.79,12.40,11.34,11.43,10.11,11.30,13.37,12.72,13.27,11.35,12.73,11.17,13.90,13.15,35.13,34.54,37.11,35.03,34.30,34.65,36.25,35.04,37.04,37.18,34.01,35.82,34.59,35.68,34.45,34.22,35.32,35.57,33.55,35.20,33.57,36.71,36.55,36.83,35.74,35.97,36.86,36.15,36.64,33.50,35.99,37.20,32.90,37.04,33.38,32.79,35.73,32.59,31.21,32.63,31.57,30.66,31.96,33.71,32.69,32.48,32.48,34.33,32.74,31.86,33.50,33.80,21.77,22.61,22.61,22.30,20.61,20.36,21.63,21.93,22.63,22.44,20.11,20.40,23.13,22.89,22.04,23.52,21.34,21.38,21.86,21.42,22.61,19.82,20.52,20.82,31.43,31.61,32.64,32.61,31.31,32.04,30.41,30.83,31.90],
  [34.53,25.19,25.90,15.11,7.69,38.57,16.18,16.34,18.64,15.90,15.90,17.06,15.97,18.54,16.18,26.75,25.41,25.44,27.13,29.25,28.52,27.74,28.84,27.25,26.29,29.03,26.27,27.78,27.50,28.18,27.41,25.73,28.84,28.52,28.14,27.20,28.55,15.68,10.40,10.20,8.50,7.60,11.08,12.52,11.25,13.35,6.74,7.15,7.15,1.41,99.00,4.63,3.99,6.25,1.27,13.07,13.43,15.03,15.11,14.36,11.29,13.61,15.66,10.06,12.44,13.30,11.13,15.32,13.82,10.44,12.68,11.22,14.62,14.76,13.68,12.86,15.09,11.28,12.10,13.81,12.75,12.74,11.38,12.65,14.72,14.02,14.39,12.58,14.05,12.45,15.14,14.37,36.25,35.70,38.24,36.19,35.48,35.85,37.38,36.22,38.17,38.31,35.14,36.99,35.77,36.83,35.59,35.39,36.47,36.72,34.73,36.35,34.69,37.84,37.70,37.96,36.90,37.09,38.02,37.28,37.77,34.62,37.14,38.33,34.01,38.18,34.54,33.88,36.90,33.87,32.52,33.92,32.86,31.97,33.28,34.96,33.98,33.74,33.74,35.58,34.00,33.17,34.76,35.07,23.06,23.92,23.92,23.37,21.68,21.47,22.77,23.01,23.86,23.63,21.32,21.53,24.24,24.02,23.15,24.82,22.60,22.50,23.00,22.52,23.76,21.05,21.61,21.90,32.52,32.69,33.81,33.77,32.37,33.24,31.50,31.92,32.99],
  [31.29,22.83,22.12,11.16,7.99,34.73,14.24,14.42,16.55,12.63,12.63,14.83,13.29,14.62,13.64,23.06,22.07,22.14,23.92,25.91,25.43,24.23,25.38,23.59,22.91,25.77,23.00,24.54,24.26,24.68,24.09,22.14,25.90,25.17,24.67,23.72,25.40,12.26,7.99,7.69,8.32,7.27,9.55,10.31,10.39,11.33,3.42,4.25,4.08,3.25,4.63,99.00,0.65,2.91,4.05,8.52,10.27,11.86,11.36,10.15,7.50,9.90,11.91,6.89,8.73,9.51,8.02,11.19,10.25,6.99,9.77,7.62,11.11,12.04,9.51,9.73,12.34,8.24,8.50,9.24,8.17,9.11,8.00,8.77,10.82,10.40,11.69,9.42,10.30,8.98,11.84,11.18,33.29,32.58,35.23,33.07,32.28,32.55,34.35,32.99,35.17,35.30,32.16,33.82,32.55,33.73,32.57,32.24,33.39,33.65,31.53,33.28,31.77,34.87,34.63,34.95,33.80,34.11,34.92,34.30,34.80,31.67,34.08,35.34,31.11,35.13,31.41,31.06,33.76,30.22,28.73,30.21,29.17,28.13,29.43,31.40,30.25,30.18,30.18,32.05,30.44,29.40,31.17,31.47,19.39,20.17,20.17,20.71,19.08,18.65,19.84,20.32,20.48,20.47,18.07,18.63,21.41,21.10,20.35,21.11,19.09,19.64,20.07,19.75,20.76,17.68,18.91,19.23,29.70,29.95,30.66,30.65,29.68,29.94,28.69,29.13,30.18],
  [31.81,23.22,22.69,11.75,7.89,35.31,14.55,14.72,16.88,13.13,13.13,15.18,13.70,15.21,14.03,23.63,22.59,22.65,24.42,26.43,25.92,24.77,25.92,24.15,23.43,26.28,23.51,25.05,24.77,25.22,24.61,22.69,26.38,25.69,25.21,24.25,25.90,12.77,8.32,8.03,8.30,7.26,9.76,10.63,10.51,11.63,3.82,4.59,4.44,2.63,3.99,0.65,99.00,3.29,3.47,9.17,10.74,12.33,11.92,10.77,8.05,10.45,12.47,7.33,9.27,10.07,8.46,11.80,10.78,7.48,10.20,8.14,11.64,12.45,10.12,10.19,12.76,8.67,9.03,9.89,8.82,9.64,8.49,9.34,11.40,10.94,12.10,9.88,10.85,9.48,12.33,11.66,33.77,33.08,35.71,33.57,32.79,33.07,34.84,33.51,35.65,35.79,32.64,34.33,33.06,34.23,33.05,32.75,33.89,34.15,32.04,33.77,32.24,35.35,35.12,35.44,34.30,34.59,35.41,34.78,35.28,32.15,34.58,35.83,31.58,35.63,31.91,31.52,34.26,30.78,29.31,30.78,29.74,28.72,30.02,31.96,30.82,30.73,30.73,32.60,30.99,29.97,31.72,32.03,19.95,20.74,20.74,21.13,19.49,19.09,20.30,20.75,21.01,20.96,18.57,19.08,21.86,21.57,20.79,21.67,19.63,20.09,20.53,20.19,21.23,18.20,19.34,19.66,30.16,30.40,31.16,31.15,30.12,30.46,29.15,29.58,30.64],
  [28.60,19.93,19.69,8.86,6.08,32.36,11.34,11.52,13.63,9.91,9.91,11.92,10.41,12.30,10.74,20.58,19.41,19.46,21.21,23.26,22.68,21.65,22.78,21.09,20.27,23.08,20.31,21.84,21.56,22.10,21.43,19.60,23.11,22.52,22.07,21.12,22.68,9.60,5.08,4.78,6.11,5.13,6.75,7.40,7.76,8.43,0.54,1.35,1.17,4.90,6.25,2.91,3.29,99.00,5.18,7.34,7.49,9.09,8.89,8.16,5.05,7.40,9.45,4.06,6.21,7.07,5.19,9.09,7.66,4.29,6.91,5.02,8.49,9.16,7.48,6.93,9.47,5.40,5.91,8.11,7.16,6.54,5.28,6.40,8.47,7.84,8.81,6.62,7.83,6.32,9.12,8.41,30.51,29.85,32.47,30.34,29.58,29.89,31.60,30.31,32.41,32.54,29.39,31.11,29.86,31.00,29.81,29.53,30.65,30.91,28.83,30.54,28.98,32.10,31.89,32.19,31.07,31.34,32.19,31.53,32.03,28.89,31.34,32.58,28.32,32.39,28.69,28.25,31.04,27.72,26.32,27.75,26.69,25.76,27.06,28.86,27.80,27.63,27.63,29.49,27.89,26.97,28.64,28.95,16.89,17.72,17.72,17.85,16.21,15.81,17.04,17.46,17.83,17.73,15.36,15.81,18.59,18.30,17.51,18.64,16.50,16.82,17.26,16.91,17.98,15.02,16.05,16.37,26.89,27.12,27.94,27.92,26.84,27.28,25.88,26.31,27.37],
  [33.29,23.93,24.73,14.02,6.52,37.41,14.91,15.07,17.37,14.69,14.69,15.79,14.71,17.42,14.92,25.57,24.19,24.21,25.90,28.02,27.27,26.54,27.62,26.06,25.07,27.80,25.04,26.55,26.27,26.97,26.19,24.54,27.59,27.30,26.93,25.99,27.31,14.49,9.15,8.95,7.29,6.37,9.81,11.25,10.01,12.08,5.64,5.98,6.01,1.03,1.27,4.05,3.47,5.18,99.00,12.24,12.21,13.81,13.97,13.34,10.19,12.47,14.52,8.87,11.31,12.18,9.92,14.27,12.66,9.28,11.44,10.09,13.45,13.51,12.66,11.65,13.84,10.07,10.95,12.99,11.95,11.59,10.21,11.55,13.61,12.86,13.14,11.37,12.92,11.29,13.94,13.16,35.00,34.46,36.99,34.95,34.23,34.62,36.13,34.99,36.91,37.06,33.88,35.75,34.54,35.59,34.34,34.15,35.22,35.47,33.49,35.11,33.43,36.58,36.45,36.71,35.65,35.84,36.77,36.02,36.51,33.36,35.88,37.07,32.75,36.93,33.30,32.62,35.65,32.68,31.35,32.73,31.67,30.82,32.12,33.76,32.81,32.54,32.54,34.38,32.79,32.00,33.56,33.87,21.88,22.75,22.75,22.11,20.41,20.22,21.51,21.75,22.65,22.39,20.09,20.28,22.99,22.77,21.89,23.65,21.40,21.25,21.75,21.26,22.52,19.84,20.35,20.64,31.26,31.42,32.57,32.52,31.11,32.01,30.24,30.66,31.73],
  [24.83,18.64,14.86,4.80,12.40,27.05,12.42,12.60,13.84,8.01,8.01,12.20,10.04,7.59,10.61,15.96,15.78,15.95,17.80,19.44,19.51,17.44,18.69,16.54,16.49,19.46,16.83,18.33,18.08,17.92,17.74,15.30,20.27,18.69,17.96,17.02,19.36,7.31,8.10,7.82,11.96,11.29,10.41,9.40,12.03,10.36,7.07,7.34,7.12,11.66,13.07,8.52,9.17,7.34,12.24,99.00,7.01,7.80,5.68,3.10,4.35,5.07,6.01,6.24,4.71,4.61,6.45,4.08,5.72,5.50,7.49,4.98,6.34,9.11,2.95,6.86,9.23,6.67,5.08,0.77,0.58,5.09,5.68,4.08,4.80,5.60,8.98,6.63,5.08,5.55,7.38,7.35,27.29,26.29,29.08,26.76,25.85,25.93,28.20,26.49,29.05,29.17,26.17,27.40,26.07,27.44,26.48,25.92,27.18,27.44,25.12,27.06,25.92,28.82,28.38,28.82,27.53,28.06,28.60,28.24,28.74,25.75,27.89,29.24,25.31,28.93,25.14,25.42,27.42,22.98,21.24,22.87,21.87,20.56,21.83,24.30,22.84,23.11,23.11,24.99,23.36,21.94,24.00,24.30,12.56,13.08,13.08,16.09,14.81,13.90,14.73,15.66,14.24,14.75,12.40,13.72,16.34,15.87,15.45,14.03,12.65,14.70,14.90,15.01,15.36,11.75,14.42,14.79,24.10,24.54,24.38,24.43,24.35,23.39,23.19,23.62,24.59],
  [21.14,12.74,12.68,3.60,8.64,25.31,5.42,5.60,7.05,2.48,2.48,5.33,3.30,5.97,3.80,13.43,11.98,12.02,13.74,15.83,15.20,14.33,15.41,13.90,12.86,15.63,12.86,14.38,14.10,14.76,13.99,12.35,15.64,15.10,14.72,13.78,15.20,2.38,3.41,3.46,7.76,7.68,4.77,2.94,6.35,3.61,6.95,6.33,6.39,12.21,13.43,10.27,10.74,7.49,12.21,7.01,99.00,1.61,2.77,4.64,3.31,2.09,3.16,3.43,2.36,2.46,2.31,4.60,1.55,3.30,1.03,2.87,1.70,2.17,4.31,0.57,2.37,2.15,2.18,7.42,7.41,1.93,2.31,2.94,3.19,1.80,1.98,0.86,2.35,1.60,1.76,0.94,23.03,22.37,24.98,22.86,22.11,22.44,24.12,22.84,24.92,25.06,21.90,23.64,22.40,23.51,22.32,22.05,23.17,23.43,21.36,23.05,21.51,24.61,24.40,24.71,23.59,23.86,24.70,24.05,24.54,21.41,23.85,25.09,20.84,24.90,21.21,20.78,23.56,20.49,19.25,20.57,19.50,18.76,20.06,21.55,20.66,20.33,20.33,22.16,20.59,19.87,21.36,21.67,9.77,10.70,10.70,10.49,8.91,8.38,9.57,10.08,10.43,10.26,7.90,8.36,11.14,10.83,10.08,11.56,9.21,9.37,9.79,9.50,10.50,7.63,8.69,9.02,19.42,19.68,20.46,20.44,19.41,19.83,18.42,18.85,19.91],
  [19.53,11.32,11.18,3.53,9.96,23.78,4.91,5.06,6.04,0.92,0.92,4.45,2.26,4.91,2.85,11.89,10.38,10.41,12.13,14.22,13.59,12.74,13.81,12.35,11.26,14.02,11.25,12.77,12.49,13.17,12.39,10.79,14.05,13.49,13.12,12.19,13.59,1.18,4.88,4.97,9.03,9.06,5.81,3.78,7.24,4.04,8.55,7.94,8.00,13.81,15.03,11.86,12.33,9.09,13.81,7.80,1.61,99.00,2.49,5.00,4.68,2.75,2.59,5.03,3.54,3.24,3.92,4.61,2.11,4.87,2.43,4.34,1.49,1.67,4.89,2.18,1.62,3.75,3.53,8.08,8.27,3.08,3.86,3.94,3.26,2.20,1.80,2.47,2.73,2.98,0.56,0.68,21.43,20.76,23.38,21.25,20.50,20.83,22.51,21.23,23.32,23.46,20.31,22.03,20.78,21.91,20.72,20.44,21.56,21.82,19.75,21.45,19.91,23.02,22.80,23.10,21.98,22.26,23.10,22.45,22.94,19.81,22.25,23.49,19.25,23.30,19.60,19.20,21.95,18.91,17.71,19.01,17.94,17.25,18.54,19.96,19.10,18.74,18.74,20.57,19.00,18.33,19.78,20.09,8.25,9.22,9.22,8.98,7.45,6.84,7.99,8.57,8.83,8.65,6.29,6.79,9.58,9.25,8.54,10.04,7.64,7.82,8.21,7.97,8.90,6.03,7.19,7.54,17.84,18.12,18.85,18.83,17.85,18.22,16.84,17.28,18.33],
  [20.04,12.98,10.81,1.05,11.21,23.47,7.40,7.55,8.37,2.39,2.39,6.87,4.69,3.50,5.29,11.71,10.81,10.91,12.74,14.63,14.36,12.87,14.05,12.24,11.62,14.54,11.79,13.33,13.06,13.33,12.83,10.78,14.99,13.88,13.33,12.37,14.27,1.66,5.93,5.87,10.39,10.20,7.53,5.70,9.12,6.25,8.38,7.99,7.96,13.78,15.11,11.36,11.92,8.89,13.97,5.68,2.77,2.49,99.00,2.66,3.87,1.49,0.56,5.20,2.67,1.85,4.35,2.12,1.44,4.69,3.78,3.88,1.13,4.12,2.75,3.12,4.11,4.33,3.02,5.84,6.21,2.38,3.83,2.61,0.88,1.17,4.17,3.19,1.06,2.76,1.95,2.39,22.23,21.39,24.11,21.88,21.04,21.26,23.23,21.74,24.07,24.19,21.10,22.59,21.30,22.55,21.47,21.04,22.24,22.50,20.29,22.12,20.78,23.79,23.47,23.84,22.63,23.03,23.73,23.22,23.72,20.64,22.95,24.25,20.14,23.99,20.23,20.18,22.56,18.87,17.43,18.88,17.83,16.87,18.17,20.04,18.92,18.82,18.82,20.69,19.08,18.09,19.81,20.11,8.04,8.84,8.84,10.46,9.13,8.27,9.19,10.03,9.22,9.44,7.01,8.11,10.81,10.38,9.87,9.76,7.76,9.12,9.38,9.39,9.92,6.49,8.75,9.12,18.83,19.20,19.47,19.48,18.98,18.66,17.88,18.31,19.32],
  [21.94,15.55,12.19,1.71,11.89,24.66,9.85,10.02,11.00,5.05,5.05,9.45,7.26,4.71,7.85,13.23,12.81,12.95,14.81,16.53,16.50,14.61,15.84,13.79,13.55,16.52,13.84,15.36,15.10,15.08,14.79,12.47,17.22,15.78,15.11,14.16,16.36,4.32,6.86,6.67,11.23,10.80,8.93,7.45,10.58,8.24,7.73,7.63,7.50,12.97,14.36,10.15,10.77,8.16,13.34,3.10,4.64,5.00,2.66,99.00,3.44,2.55,2.93,5.42,2.90,2.26,5.07,1.10,3.12,4.69,5.41,3.86,3.51,6.51,0.69,4.69,6.56,5.18,3.40,3.18,3.66,3.04,4.29,2.27,1.79,2.91,6.46,4.58,2.34,3.61,4.52,4.69,24.31,23.37,26.14,23.84,22.96,23.09,25.26,23.62,26.10,26.23,23.19,24.51,23.20,24.53,23.52,23.00,24.25,24.51,22.22,24.13,22.92,25.86,25.45,25.87,24.61,25.10,25.69,25.28,25.78,22.76,24.96,26.29,22.30,26.00,22.22,22.39,24.51,20.34,18.72,20.28,19.26,18.09,19.38,21.61,20.29,20.40,20.40,22.29,20.66,19.41,21.34,21.64,9.70,10.32,10.32,12.99,11.74,10.81,11.63,12.56,11.24,11.69,9.31,10.62,13.25,12.78,12.36,11.28,9.68,11.61,11.80,11.92,12.27,8.69,11.33,11.70,21.06,21.48,21.45,21.49,21.28,20.52,20.13,20.57,21.55],
  [23.83,15.99,14.67,3.82,8.51,27.32,8.54,8.72,10.34,5.31,5.31,8.61,6.61,7.25,7.11,15.58,14.59,14.67,16.47,18.43,18.03,16.73,17.89,16.11,15.42,18.31,15.54,17.08,16.81,17.18,16.62,14.64,18.58,17.68,17.17,16.22,17.98,4.83,3.77,3.51,7.91,7.41,6.06,5.13,7.69,6.15,4.56,4.29,4.21,9.95,11.29,7.50,8.05,5.05,10.19,4.35,3.31,4.68,3.87,3.44,99.00,2.40,4.42,2.05,1.24,2.03,2.11,4.19,2.80,1.28,3.40,0.63,3.67,5.46,2.77,2.94,5.67,2.33,1.15,4.97,4.60,1.66,1.36,1.36,3.42,2.91,5.22,2.63,2.81,1.72,4.52,4.04,25.91,25.14,27.82,25.63,24.82,25.07,26.95,25.52,27.77,27.90,24.78,26.36,25.09,26.29,25.17,24.80,25.97,26.23,24.07,25.85,24.42,27.48,27.20,27.55,26.37,26.72,27.48,26.91,27.41,24.30,26.67,27.95,23.77,27.72,23.97,23.76,26.32,22.74,21.29,22.75,21.70,20.72,22.02,23.91,22.79,22.68,22.68,24.55,22.94,21.95,23.67,23.98,11.91,12.71,12.71,13.65,12.13,11.50,12.60,13.24,13.00,13.07,10.65,11.42,14.21,13.84,13.18,13.63,11.59,12.45,12.81,12.63,13.44,10.22,11.86,12.21,22.41,22.72,23.22,23.22,22.47,22.46,21.42,21.86,22.89],
  [21.43,13.93,12.30,1.80,9.94,24.96,7.40,7.57,8.78,3.13,3.13,7.13,4.97,4.97,5.54,13.19,12.20,12.28,14.10,16.03,15.68,14.32,15.48,13.71,13.03,15.92,13.16,14.70,14.43,14.78,14.22,12.24,16.26,15.29,14.77,13.81,15.61,2.54,4.69,4.58,9.17,8.89,6.55,4.93,8.18,5.69,6.89,6.50,6.47,12.29,13.61,9.90,10.45,7.40,12.47,5.07,2.09,2.75,1.49,2.55,2.40,99.00,2.05,3.75,1.18,0.50,2.99,2.64,0.64,3.20,2.89,2.39,1.39,4.06,2.24,2.18,4.16,3.02,1.53,5.41,5.53,0.90,2.38,1.28,1.34,0.58,3.97,2.11,0.47,1.37,2.40,2.28,23.55,22.76,25.46,23.25,22.43,22.67,24.58,23.13,25.41,25.54,22.43,23.98,22.69,23.91,22.81,22.41,23.60,23.86,21.68,23.48,22.08,25.13,24.83,25.18,23.99,24.37,25.10,24.55,25.05,21.95,24.30,25.58,21.44,25.35,21.59,21.45,23.93,20.34,18.92,20.36,19.31,18.37,19.67,21.51,20.41,20.28,20.28,22.15,20.54,19.58,21.28,21.58,9.51,10.33,10.33,11.50,10.06,9.32,10.34,11.07,10.61,10.73,8.30,9.20,11.96,11.57,10.97,11.25,9.19,10.23,10.54,10.45,11.14,7.84,9.74,10.10,20.09,20.43,20.84,20.84,20.19,20.06,19.12,19.56,20.58],
  [19.52,12.63,10.25,1.22,11.69,22.91,7.46,7.60,8.26,2.29,2.29,6.83,4.69,2.97,5.28,11.16,10.29,10.40,12.23,14.10,13.87,12.33,13.51,11.68,11.10,14.02,11.28,12.82,12.55,12.79,12.31,10.23,14.51,13.35,12.79,11.83,13.77,1.57,6.41,6.37,10.86,10.69,7.93,6.04,9.49,6.51,8.94,8.55,8.52,14.34,15.66,11.91,12.47,9.45,14.52,6.01,3.16,2.59,0.56,2.93,4.42,2.05,99.00,5.75,3.23,2.40,4.87,2.19,1.95,5.24,4.18,4.44,1.46,4.27,3.12,3.55,4.20,4.84,3.58,6.10,6.55,2.93,4.37,3.15,1.25,1.70,4.36,3.66,1.62,3.30,2.04,2.63,21.73,20.88,23.60,21.36,20.52,20.73,22.72,21.21,23.56,23.69,20.60,22.07,20.78,22.04,20.96,20.53,21.73,21.99,19.77,21.61,20.29,23.29,22.95,23.33,22.11,22.53,23.21,22.72,23.22,20.15,22.44,23.74,19.65,23.48,19.72,19.70,22.04,18.31,16.87,18.32,17.27,16.31,17.62,19.49,18.37,18.27,18.27,20.15,18.53,17.53,19.26,19.56,7.48,8.28,8.28,10.09,8.81,7.90,8.77,9.66,8.70,8.96,6.55,7.72,10.40,9.95,9.47,9.21,7.23,8.72,8.95,9.01,9.47,6.00,8.41,8.78,18.36,18.74,18.96,18.97,18.53,18.13,17.41,17.85,18.85],
  [24.56,15.96,15.88,5.48,6.48,28.55,7.72,7.91,9.84,5.87,5.87,8.10,6.41,8.70,6.79,16.70,15.39,15.43,17.16,19.23,18.62,17.69,18.79,17.19,16.26,19.05,16.27,17.80,17.52,18.13,17.40,15.67,19.05,18.50,18.09,17.15,18.62,5.62,1.94,1.61,5.87,5.38,4.27,3.89,5.83,4.98,3.53,2.92,2.96,8.80,10.06,6.89,7.33,4.06,8.87,6.24,3.43,5.03,5.20,5.42,2.05,3.75,5.75,99.00,2.70,3.58,1.13,6.05,3.82,0.77,2.89,1.56,4.58,5.16,4.78,2.87,5.46,1.35,2.23,6.92,6.40,2.85,1.37,3.19,5.02,4.05,4.83,2.56,4.21,2.45,5.10,4.36,26.45,25.80,28.41,26.29,25.53,25.86,27.54,26.26,28.34,28.48,25.32,27.06,25.82,26.94,25.75,25.47,26.59,26.85,24.79,26.48,24.92,28.03,27.83,28.13,27.01,27.28,28.13,27.47,27.96,24.83,27.28,28.51,24.25,28.33,24.63,24.18,26.99,23.81,22.49,23.87,22.80,21.97,23.27,24.91,23.94,23.68,23.68,25.53,23.94,23.13,24.70,25.01,13.01,13.90,13.90,13.81,12.19,11.76,12.97,13.42,13.83,13.68,11.32,11.75,14.53,14.24,13.46,14.79,12.54,12.76,13.20,12.86,13.91,11.01,12.01,12.34,22.82,23.07,23.89,23.86,22.79,23.25,21.82,22.25,23.30],
  [22.59,14.85,13.48,2.79,9.08,26.14,7.76,7.94,9.39,4.11,4.11,7.69,5.60,6.12,6.13,14.38,13.35,13.43,15.24,17.19,16.80,15.50,16.66,14.90,14.19,17.07,14.31,15.85,15.57,15.95,15.38,13.42,17.35,16.45,15.94,14.99,16.75,3.61,3.96,3.79,8.37,8.00,6.06,4.75,7.72,5.66,5.71,5.35,5.30,11.11,12.44,8.73,9.27,6.21,11.31,4.71,2.36,3.54,2.67,2.90,1.24,1.18,3.23,2.70,99.00,0.89,2.18,3.38,1.57,2.07,2.78,1.23,2.44,4.53,2.35,2.15,4.70,2.29,0.51,5.20,5.08,0.47,1.42,0.68,2.35,1.68,4.34,1.92,1.62,0.84,3.32,2.94,24.68,23.90,26.59,24.39,23.58,23.83,25.71,24.29,26.54,26.67,23.55,25.13,23.85,25.06,23.93,23.56,24.74,25.00,22.83,24.62,23.19,26.25,25.97,26.31,25.13,25.49,26.24,25.68,26.18,23.07,25.43,26.71,22.54,26.48,22.74,22.54,25.08,21.53,20.10,21.54,20.49,19.55,20.85,22.69,21.59,21.46,21.46,23.33,21.72,20.76,22.46,22.77,10.69,11.51,11.51,12.48,10.99,10.31,11.39,12.06,11.77,11.84,9.42,10.23,13.00,12.63,11.99,12.43,10.36,11.25,11.60,11.45,12.22,8.98,10.70,11.05,21.18,21.50,21.98,21.98,21.26,21.23,20.20,20.64,21.67],
  [21.87,14.43,12.64,1.90,9.91,25.30,7.83,8.00,9.26,3.64,3.64,7.60,5.44,5.24,6.01,13.56,12.63,12.72,14.54,16.46,16.13,14.72,15.89,14.08,13.45,16.36,13.60,15.14,14.87,15.18,14.66,12.63,16.73,15.71,15.17,14.22,16.06,3.03,4.72,4.57,9.17,8.84,6.69,5.19,8.35,6.00,6.57,6.23,6.18,11.97,13.30,9.51,10.07,7.07,12.18,4.61,2.46,3.24,1.85,2.26,2.03,0.50,2.40,3.58,0.89,99.00,2.96,2.55,1.13,2.97,3.15,2.12,1.90,4.50,1.86,2.45,4.62,3.03,1.35,4.98,5.05,0.82,2.26,0.79,1.45,1.09,4.39,2.32,0.79,1.39,2.90,2.75,24.01,23.20,25.91,23.69,22.86,23.09,25.03,23.56,25.86,25.99,22.88,24.41,23.13,24.36,23.26,22.86,24.05,24.31,22.12,23.93,22.55,25.58,25.27,25.63,24.43,24.82,25.54,25.01,25.51,22.41,24.75,26.04,21.90,25.79,22.04,21.92,24.38,20.72,19.26,20.72,19.67,18.70,20.00,21.89,20.77,20.67,20.67,22.54,20.93,19.93,21.66,21.96,9.88,10.68,10.68,11.99,10.56,9.81,10.83,11.57,11.04,11.19,8.76,9.70,12.45,12.05,11.46,11.61,9.60,10.72,11.03,10.95,11.62,8.28,10.24,10.60,20.57,20.91,21.28,21.29,20.67,20.49,19.60,20.03,21.06],
  [23.45,14.85,14.88,4.79,6.95,27.54,6.76,6.95,8.80,4.78,4.78,7.05,5.30,7.84,5.70,15.67,14.29,14.33,16.05,18.14,17.50,16.62,17.71,16.16,15.17,17.94,15.17,16.70,16.41,17.05,16.30,14.62,17.92,17.41,17.01,16.07,17.50,4.58,1.79,1.62,6.21,5.90,3.99,3.10,5.63,4.16,4.65,4.02,4.08,9.89,11.13,8.02,8.46,5.19,9.92,6.45,2.31,3.92,4.35,5.07,2.11,2.99,4.87,1.13,2.18,2.96,99.00,5.51,2.92,1.28,1.78,1.47,3.60,4.06,4.49,1.75,4.34,0.26,1.67,7.06,6.71,2.15,0.81,2.81,4.33,3.18,3.73,1.46,3.45,1.63,4.02,3.25,25.32,24.68,27.28,25.17,24.42,24.76,26.42,25.15,27.22,27.36,24.20,25.95,24.71,25.82,24.62,24.36,25.47,25.73,23.67,25.36,23.79,26.91,26.71,27.01,25.89,26.16,27.01,26.34,26.84,23.70,26.15,27.39,23.13,27.20,23.52,23.06,25.87,22.76,21.47,22.83,21.76,20.97,22.26,23.84,22.90,22.62,22.62,24.46,22.87,22.11,23.64,23.95,11.99,12.89,12.89,12.69,11.07,10.63,11.85,12.30,12.74,12.56,10.22,10.62,13.40,13.11,12.33,13.77,11.48,11.63,12.07,11.73,12.79,9.93,10.89,11.21,21.69,21.94,22.77,22.75,21.66,22.14,20.69,21.12,22.18],
  [20.86,14.68,11.10,1.08,12.45,23.59,9.52,9.67,10.44,4.46,4.46,8.98,6.81,3.62,7.40,12.13,11.74,11.89,13.75,15.45,15.45,13.51,14.74,12.70,12.48,15.44,12.78,14.29,14.03,13.99,13.72,11.37,16.19,14.70,14.02,13.07,15.31,3.73,7.27,7.13,11.73,11.38,9.18,7.53,10.82,8.20,8.64,8.46,8.36,13.94,15.32,11.19,11.80,9.09,14.27,4.08,4.60,4.61,2.12,1.10,4.19,2.64,2.19,6.05,3.38,2.55,5.51,99.00,3.06,5.36,5.50,4.51,3.18,6.22,1.68,4.79,6.22,5.58,3.88,4.04,4.66,3.37,4.79,2.87,1.42,2.80,6.24,4.75,2.27,3.93,4.07,4.43,23.25,22.29,25.06,22.76,21.88,22.00,24.18,22.53,25.03,25.15,22.13,23.43,22.11,23.45,22.45,21.92,23.17,23.43,21.14,23.05,21.86,24.79,24.38,24.80,23.53,24.03,24.61,24.21,24.71,21.70,23.88,25.22,21.25,24.92,21.14,21.35,23.43,19.25,17.64,19.19,18.17,17.01,18.30,20.52,19.20,19.31,19.31,21.20,19.56,18.32,20.24,20.55,8.60,9.22,9.22,12.09,10.91,9.92,10.68,11.66,10.18,10.67,8.32,9.71,12.29,11.80,11.43,10.18,8.61,10.68,10.85,11.01,11.29,7.67,10.47,10.85,20.03,20.45,20.38,20.41,20.27,19.43,19.11,19.54,20.52],
  [21.04,13.35,12.08,2.10,9.78,24.75,6.77,6.94,8.13,2.56,2.56,6.49,4.32,4.92,4.89,12.93,11.81,11.89,13.68,15.66,15.24,14.00,15.14,13.44,12.66,15.52,12.76,14.30,14.02,14.45,13.84,11.94,15.78,14.91,14.43,13.48,15.19,2.04,4.49,4.43,8.97,8.76,6.19,4.47,7.80,5.16,7.13,6.67,6.67,12.52,13.82,10.25,10.78,7.66,12.66,5.72,1.55,2.11,1.44,3.12,2.80,0.64,1.95,3.82,1.57,1.13,2.92,3.06,99.00,3.38,2.46,2.64,0.87,3.43,2.87,1.75,3.52,2.89,1.75,6.05,6.17,1.14,2.45,1.85,1.66,0.28,3.35,1.78,0.80,1.37,1.80,1.64,23.11,22.35,25.03,22.84,22.03,22.30,24.15,22.74,24.97,25.11,21.98,23.58,22.30,23.50,22.37,22.01,23.18,23.44,21.29,23.06,21.63,24.69,24.41,24.75,23.58,23.93,24.69,24.11,24.61,21.50,23.87,25.15,20.97,24.92,21.18,20.97,23.53,20.07,18.70,20.10,19.05,18.16,19.46,21.21,20.17,19.98,19.98,21.84,20.24,19.35,20.99,21.29,9.24,10.10,10.10,10.94,9.48,8.77,9.83,10.52,10.23,10.28,7.86,8.67,11.44,11.06,10.43,11.00,8.85,9.70,10.03,9.90,10.66,7.44,9.17,9.53,19.62,19.94,20.43,20.42,19.69,19.69,18.64,19.07,20.10],
  [24.33,16.01,15.46,4.86,7.23,28.13,8.04,8.22,10.05,5.64,5.64,8.30,6.48,8.17,6.91,16.31,15.12,15.18,16.94,18.97,18.44,17.36,18.49,16.82,15.98,18.81,16.03,17.57,17.29,17.81,17.14,15.32,18.91,18.23,17.78,16.83,18.42,5.31,2.62,2.32,6.64,6.13,4.95,4.34,6.54,5.41,3.76,3.30,3.29,9.14,10.44,6.99,7.48,4.29,9.28,5.50,3.30,4.87,4.69,4.69,1.28,3.20,5.24,0.77,2.07,2.97,1.28,5.36,3.38,99.00,2.99,0.86,4.20,5.25,4.03,2.78,5.52,1.54,1.67,6.16,5.68,2.31,1.01,2.49,4.42,3.58,4.94,2.46,3.66,2.03,4.85,4.19,26.29,25.60,28.23,26.08,25.31,25.61,27.36,26.03,28.18,28.31,25.16,26.84,25.59,26.74,25.58,25.26,26.41,26.67,24.56,26.29,24.78,27.87,27.64,27.96,26.82,27.12,27.93,27.30,27.80,24.67,27.09,28.35,24.12,28.14,24.43,24.07,26.78,23.45,22.08,23.49,22.43,21.54,22.84,24.57,23.55,23.35,23.35,25.21,23.61,22.73,24.36,24.67,12.63,13.48,13.48,13.78,12.19,11.68,12.86,13.38,13.55,13.48,11.09,11.65,14.44,14.12,13.38,14.38,12.21,12.67,13.08,12.80,13.77,10.74,11.98,12.32,22.71,22.98,23.68,23.66,22.71,22.99,21.71,22.14,23.19],
  [21.85,13.08,13.61,4.55,7.62,26.21,5.14,5.32,7.06,3.35,3.35,5.31,3.53,7.00,3.92,14.32,12.76,12.77,14.46,16.58,15.86,15.16,16.21,14.78,13.64,16.36,13.59,15.11,14.82,15.58,14.75,13.22,16.24,15.86,15.53,14.60,15.88,3.37,2.45,2.54,6.73,6.68,3.76,2.04,5.35,2.89,6.38,5.68,5.77,11.50,12.68,9.77,10.20,6.91,11.44,7.49,1.03,2.43,3.78,5.41,3.40,2.89,4.18,2.89,2.78,3.15,1.78,5.50,2.46,2.99,99.00,2.84,2.73,2.28,4.99,0.72,2.57,1.54,2.42,7.98,7.84,2.45,2.13,3.44,4.12,2.73,1.96,0.86,3.23,1.94,2.71,1.85,23.65,23.04,25.62,23.53,22.80,23.17,24.75,23.55,25.55,25.69,22.52,24.32,23.10,24.18,22.96,22.73,23.82,24.08,22.06,23.71,22.10,25.23,25.06,25.34,24.25,24.48,25.37,24.67,25.16,22.02,24.50,25.71,21.43,25.54,21.88,21.34,24.23,21.34,20.14,21.43,20.37,19.68,20.97,22.37,21.53,21.15,21.15,22.97,21.41,20.76,22.19,22.50,10.68,11.64,11.64,10.94,9.31,8.91,10.15,10.55,11.23,10.95,8.65,8.92,11.68,11.41,10.60,12.47,10.07,9.92,10.38,10.00,11.12,8.44,9.14,9.46,19.98,20.21,21.14,21.11,19.93,20.57,18.97,19.40,20.46],
  [23.67,15.61,14.68,4.01,8.03,27.35,7.98,8.16,9.84,5.05,5.05,8.10,6.15,7.35,6.63,15.56,14.45,14.52,16.30,18.30,17.83,16.64,17.79,16.07,15.30,18.15,15.38,16.92,16.64,17.10,16.47,14.58,18.34,17.55,17.07,16.12,17.79,4.64,3.17,2.92,7.39,6.93,5.44,4.51,7.07,5.54,4.50,4.12,4.08,9.91,11.22,7.62,8.14,5.02,10.09,4.98,2.87,4.34,3.88,3.86,0.63,2.39,4.44,1.56,1.23,2.12,1.47,4.51,2.64,0.86,2.84,99.00,3.50,4.97,3.23,2.44,5.21,1.70,0.89,5.59,5.23,1.52,0.74,1.64,3.57,2.82,4.71,2.12,2.83,1.37,4.24,3.68,25.70,24.96,27.62,25.45,24.66,24.94,26.75,25.37,27.57,27.70,24.57,26.20,24.93,26.11,24.97,24.63,25.78,26.04,23.91,25.67,24.20,27.28,27.02,27.35,26.19,26.52,27.30,26.70,27.20,24.08,26.48,27.74,23.54,27.53,23.80,23.51,26.15,22.70,21.30,22.73,21.67,20.75,22.05,23.85,22.78,22.62,22.62,24.49,22.88,21.96,23.62,23.93,11.87,12.70,12.70,13.32,11.77,11.18,12.32,12.91,12.87,12.87,10.46,11.13,13.92,13.57,12.88,13.62,11.50,12.15,12.53,12.31,13.20,10.07,11.52,11.87,22.15,22.45,23.05,23.04,22.19,22.32,21.16,21.60,22.64],
  [20.18,12.54,11.30,2.11,10.29,23.97,6.37,6.53,7.52,1.74,1.74,5.94,3.75,4.31,4.34,12.12,10.95,11.02,12.81,14.80,14.37,13.16,14.29,12.62,11.80,14.66,11.89,13.43,13.15,13.61,12.98,11.11,14.91,14.06,13.58,12.63,14.32,1.17,5.01,5.00,9.43,9.30,6.47,4.59,8.03,5.12,7.96,7.47,7.48,13.34,14.62,11.11,11.64,8.49,13.45,6.34,1.70,1.49,1.13,3.51,3.67,1.39,1.46,4.58,2.44,1.90,3.60,3.18,0.87,4.20,2.73,3.50,99.00,3.05,3.42,2.12,3.07,3.52,2.61,6.60,6.83,2.01,3.24,2.67,1.79,0.81,3.06,2.27,1.27,2.18,1.04,1.27,22.24,21.48,24.16,21.97,21.17,21.44,23.28,21.88,24.10,24.24,21.11,22.71,21.44,22.63,21.50,21.14,22.31,22.57,20.42,22.19,20.76,23.82,23.54,23.88,22.71,23.06,23.82,23.24,23.74,20.63,23.00,24.28,20.10,24.05,20.31,20.10,22.66,19.25,17.91,19.29,18.23,17.39,18.69,20.37,19.36,19.15,19.15,21.00,19.40,18.55,20.16,20.47,8.44,9.31,9.31,10.10,8.67,7.92,8.96,9.68,9.37,9.41,6.99,7.82,10.58,10.20,9.58,10.21,8.01,8.84,9.17,9.06,9.79,6.57,8.34,8.71,18.75,19.07,19.56,19.56,18.83,18.83,17.77,18.20,19.24],
  [19.81,10.80,12.12,5.15,8.98,24.54,3.35,3.51,4.89,2.30,2.30,3.16,1.25,6.44,1.66,12.70,10.85,10.83,12.44,14.62,13.76,13.35,14.34,13.11,11.75,14.35,11.62,13.11,12.82,13.75,12.80,11.53,14.08,13.92,13.68,12.78,13.81,2.81,4.37,4.57,8.00,8.20,4.64,2.59,5.89,2.53,8.63,7.90,8.01,13.64,14.76,12.04,12.45,9.16,13.51,9.11,2.17,1.67,4.12,6.51,5.46,4.06,4.27,5.16,4.53,4.50,4.06,6.22,3.43,5.25,2.28,4.97,3.05,99.00,6.30,2.53,0.33,3.82,4.34,9.48,9.54,4.09,4.32,5.08,4.83,3.60,0.38,2.85,4.17,3.77,2.23,1.82,21.49,20.95,23.48,21.44,20.74,21.16,22.62,21.50,23.40,23.55,20.37,22.25,21.05,22.07,20.82,20.64,21.71,21.96,20.00,21.59,19.93,23.08,22.94,23.20,22.14,22.33,23.26,22.52,23.01,19.86,22.37,23.57,19.26,23.42,19.79,19.15,22.14,19.55,18.50,19.69,18.63,18.10,19.37,20.51,19.82,19.30,19.30,21.09,19.56,19.09,20.36,20.67,9.18,10.20,10.20,8.69,7.05,6.72,8.00,8.31,9.39,8.93,6.76,6.76,9.49,9.26,8.40,10.95,8.41,7.74,8.24,7.78,9.01,6.69,6.90,7.21,17.79,17.99,19.06,19.01,17.70,18.56,16.77,17.20,18.27],
  [22.41,15.73,12.75,1.97,11.26,25.26,9.64,9.81,10.93,5.07,5.07,9.33,7.15,5.24,7.73,13.77,13.24,13.37,15.22,16.99,16.89,15.10,16.32,14.32,14.00,16.96,14.26,15.78,15.52,15.58,15.24,12.97,17.58,16.24,15.60,14.64,16.77,4.36,6.28,6.08,10.61,10.16,8.41,7.02,10.06,7.86,7.04,6.94,6.81,12.30,13.68,9.51,10.12,7.48,12.66,2.95,4.31,4.89,2.75,0.69,2.77,2.24,3.12,4.78,2.35,1.86,4.49,1.68,2.87,4.03,4.99,3.23,3.42,6.30,99.00,4.30,6.39,4.62,2.84,3.19,3.46,2.56,3.69,1.68,1.88,2.71,6.21,4.15,2.16,3.12,4.45,4.50,24.73,23.82,26.57,24.29,23.42,23.58,25.69,24.09,26.54,26.66,23.61,24.98,23.67,24.97,23.95,23.45,24.69,24.95,22.68,24.57,23.32,26.28,25.90,26.31,25.05,25.52,26.15,25.70,26.21,23.16,25.40,26.72,22.69,26.44,22.66,22.76,24.97,20.90,19.30,20.85,19.82,18.68,19.98,22.15,20.86,20.94,20.94,22.83,21.20,19.99,21.88,22.19,10.20,10.86,10.86,13.20,11.89,11.01,11.89,12.77,11.66,12.04,9.64,10.84,13.52,13.06,12.59,11.81,10.12,11.84,12.07,12.13,12.58,9.04,11.50,11.88,21.43,21.83,21.90,21.93,21.62,21.00,20.49,20.92,21.92],
  [21.71,13.23,13.23,3.85,8.17,25.87,5.64,5.82,7.41,3.05,3.05,5.67,3.72,6.43,4.19,13.99,12.55,12.58,14.31,16.39,15.76,14.90,15.98,14.46,13.43,16.19,13.42,14.95,14.67,15.33,14.56,12.92,16.19,15.66,15.28,14.35,15.76,2.92,2.90,2.92,7.31,7.19,4.44,2.76,6.05,3.57,6.39,5.76,5.83,11.64,12.86,9.73,10.19,6.93,11.65,6.86,0.57,2.18,3.12,4.69,2.94,2.18,3.55,2.87,2.15,2.45,1.75,4.79,1.75,2.78,0.72,2.44,2.12,2.53,4.30,99.00,2.77,1.58,1.86,7.32,7.23,1.77,1.81,2.79,3.41,2.04,2.28,0.33,2.52,1.32,2.31,1.51,23.58,22.93,25.54,23.42,22.67,23.01,24.67,23.41,25.48,25.61,22.46,24.20,22.96,24.07,22.88,22.61,23.73,23.98,21.92,23.61,22.05,25.17,24.96,25.26,24.14,24.41,25.26,24.60,25.10,21.96,24.41,25.65,21.39,25.46,21.77,21.33,24.12,21.05,19.80,21.13,20.06,19.32,20.61,22.12,21.22,20.89,20.89,22.73,21.15,20.43,21.93,22.23,10.32,11.25,11.25,11.00,9.41,8.92,10.11,10.60,11.00,10.82,8.47,8.90,11.68,11.37,10.62,12.11,9.77,9.91,10.34,10.03,11.05,8.19,9.20,9.53,19.97,20.22,21.02,21.00,19.95,20.40,18.96,19.39,20.45],
  [19.47,10.51,11.81,5.14,9.30,24.22,3.30,3.46,4.69,2.13,2.13,2.99,0.96,6.26,1.43,12.39,10.52,10.50,12.11,14.29,13.43,13.03,14.01,12.79,11.42,14.02,11.29,12.77,12.49,13.42,12.47,11.21,13.75,13.59,13.35,12.45,13.48,2.70,4.70,4.90,8.31,8.53,4.95,2.91,6.16,2.78,8.94,8.21,8.32,13.96,15.09,12.34,12.76,9.47,13.84,9.23,2.37,1.62,4.11,6.56,5.67,4.16,4.20,5.46,4.70,4.62,4.34,6.22,3.52,5.52,2.57,5.21,3.07,0.33,6.39,2.77,99.00,4.11,4.54,9.57,9.67,4.25,4.58,5.23,4.85,3.68,0.71,3.09,4.24,3.97,2.17,1.89,21.16,20.62,23.15,21.11,20.41,20.82,22.29,21.17,23.08,23.22,20.05,21.92,20.71,21.74,20.50,20.31,21.38,21.63,19.67,21.26,19.61,22.75,22.61,22.87,21.81,22.00,22.93,22.19,22.68,19.53,22.04,23.24,18.93,23.09,19.46,18.83,21.81,19.23,18.18,19.37,18.30,17.78,19.05,20.18,19.49,18.97,18.97,20.76,19.23,18.77,20.03,20.34,8.88,9.90,9.90,8.38,6.74,6.39,7.67,8.00,9.06,8.60,6.43,6.44,9.17,8.93,8.08,10.64,8.09,7.41,7.91,7.46,8.68,6.37,6.59,6.90,17.47,17.67,18.73,18.68,17.38,18.23,16.45,16.88,17.94],
  [23.28,14.62,14.77,4.82,6.92,27.42,6.50,6.69,8.55,4.63,4.63,6.79,5.07,7.79,5.46,15.55,14.13,14.16,15.88,17.97,17.32,16.47,17.56,16.03,15.01,17.77,15.00,16.52,16.24,16.91,16.14,14.49,17.73,17.24,16.86,15.93,17.32,4.46,1.69,1.56,6.15,5.88,3.81,2.84,5.46,3.90,4.86,4.20,4.27,10.06,11.28,8.24,8.67,5.40,10.07,6.67,2.15,3.75,4.33,5.18,2.33,3.02,4.84,1.35,2.29,3.03,0.26,5.58,2.89,1.54,1.54,1.70,3.52,3.82,4.62,1.58,4.11,99.00,1.79,7.26,6.93,2.21,0.99,2.94,4.36,3.16,3.49,1.31,3.47,1.66,3.88,3.09,25.13,24.50,27.09,24.99,24.24,24.59,26.23,24.98,27.03,27.17,24.00,25.77,24.53,25.64,24.43,24.18,25.29,25.54,23.50,25.17,23.59,26.71,26.52,26.81,25.71,25.96,26.83,26.15,26.64,23.50,25.97,27.20,22.93,27.01,23.33,22.85,25.69,22.62,21.36,22.70,21.63,20.86,22.15,23.70,22.78,22.47,22.47,24.31,22.73,21.99,23.50,23.81,11.87,12.79,12.79,12.47,10.84,10.42,11.64,12.08,12.58,12.38,10.05,10.42,13.19,12.91,12.12,13.66,11.34,11.42,11.87,11.52,12.59,9.77,10.67,10.99,21.49,21.73,22.59,22.56,21.45,21.98,20.48,20.91,21.97],
  [22.79,14.84,13.80,3.24,8.57,26.47,7.50,7.68,9.23,4.19,4.19,7.50,5.47,6.51,5.98,14.67,13.56,13.63,15.42,17.41,16.96,15.75,16.90,15.18,14.41,17.27,14.50,16.04,15.76,16.20,15.59,13.69,17.48,16.67,16.18,15.23,16.92,3.76,3.45,3.28,7.87,7.50,5.57,4.33,7.23,5.28,5.39,4.97,4.94,10.79,12.10,8.50,9.03,5.91,10.95,5.08,2.18,3.53,3.02,3.40,1.15,1.53,3.58,2.23,0.51,1.35,1.67,3.88,1.75,1.67,2.42,0.89,2.61,4.34,2.84,1.86,4.54,1.79,99.00,5.61,5.42,0.64,0.91,1.16,2.79,1.93,4.12,1.58,1.99,0.58,3.39,2.89,24.83,24.08,26.75,24.57,23.77,24.05,25.88,24.49,26.70,26.83,23.70,25.32,24.05,25.24,24.09,23.75,24.91,25.17,23.03,24.79,23.33,26.40,26.14,26.48,25.31,25.65,26.42,25.83,26.33,23.22,25.60,26.87,22.68,26.65,22.92,22.66,25.26,21.81,20.42,21.84,20.79,19.88,21.18,22.96,21.90,21.73,21.73,23.60,21.99,21.08,22.74,23.04,10.98,11.82,11.82,12.51,10.98,10.36,11.47,12.10,11.98,11.99,9.58,10.29,13.08,12.72,12.05,12.74,10.61,11.32,11.69,11.49,12.34,9.18,10.72,11.07,21.30,21.60,22.16,22.16,21.35,21.44,20.31,20.75,21.79],
  [24.56,18.71,14.51,4.89,13.14,26.58,12.81,12.98,14.12,8.21,8.21,12.52,10.34,7.39,10.92,15.63,15.59,15.77,17.62,19.19,19.35,17.16,18.41,16.21,16.28,19.24,16.65,18.13,17.88,17.64,17.52,15.02,20.14,18.45,17.69,16.76,19.18,7.49,8.74,8.47,12.68,12.02,11.03,9.93,12.66,10.86,7.84,8.10,7.89,12.40,13.81,9.24,9.89,8.11,12.99,0.77,7.42,8.08,5.84,3.18,4.97,5.41,6.10,6.92,5.20,4.98,7.06,4.04,6.05,6.16,7.98,5.59,6.60,9.48,3.19,7.32,9.57,7.26,5.61,99.00,1.10,5.55,6.26,4.54,4.96,5.90,9.37,7.12,5.36,6.04,7.64,7.68,27.08,26.04,28.84,26.51,25.59,25.64,27.96,26.21,28.82,28.94,25.97,27.13,25.80,27.19,26.26,25.66,26.94,27.20,24.86,26.82,25.73,28.60,28.13,28.58,27.28,27.84,28.34,28.02,28.52,25.55,27.66,29.01,25.13,28.68,24.91,25.27,27.16,22.59,20.82,22.47,21.48,20.12,21.38,23.93,22.43,22.75,22.75,24.63,23.00,21.52,23.62,23.92,12.31,12.78,12.78,16.13,14.91,13.95,14.72,15.70,14.07,14.66,12.34,13.74,16.32,15.83,15.46,13.72,12.47,14.72,14.88,15.05,15.30,11.67,14.49,14.86,23.96,24.42,24.15,24.20,24.24,23.11,23.06,23.49,24.45],
  [25.41,19.18,15.43,5.35,12.41,27.59,12.83,13.01,14.31,8.52,8.52,12.65,10.50,8.17,11.07,16.53,16.36,16.52,18.38,20.02,20.09,18.02,19.27,17.11,17.07,20.04,17.41,18.91,18.66,18.50,18.32,15.88,20.85,19.27,18.54,17.60,19.94,7.82,8.29,8.00,12.02,11.31,10.62,9.70,12.22,10.69,6.93,7.26,7.03,11.34,12.75,8.17,8.82,7.16,11.95,0.58,7.41,8.27,6.21,3.66,4.60,5.53,6.55,6.40,5.08,5.05,6.71,4.66,6.17,5.68,7.84,5.23,6.83,9.54,3.46,7.23,9.67,6.93,5.42,1.10,99.00,5.49,5.95,4.47,5.34,6.07,9.39,6.99,5.56,5.92,7.87,7.80,27.87,26.87,29.66,27.34,26.43,26.51,28.78,27.07,29.63,29.75,26.75,27.98,26.65,28.02,27.06,26.49,27.76,28.02,25.70,27.64,26.50,29.40,28.96,29.40,28.11,28.64,29.18,28.82,29.32,26.33,28.47,29.82,25.89,29.51,25.72,26.00,28.00,23.54,21.80,23.43,22.44,21.11,22.38,24.87,23.40,23.68,23.68,25.56,23.93,22.49,24.56,24.86,13.14,13.66,13.66,16.64,15.35,14.45,15.29,16.21,14.82,15.33,12.97,14.27,16.91,16.43,16.01,14.61,13.23,15.26,15.46,15.56,15.93,12.33,14.96,15.33,24.68,25.11,24.96,25.01,24.92,23.97,23.76,24.20,25.17],
  [22.19,14.39,13.16,2.66,9.10,25.83,7.35,7.52,8.94,3.66,3.66,7.24,5.14,5.87,5.68,14.03,12.95,13.03,14.83,16.80,16.38,15.13,16.28,14.55,13.80,16.67,13.90,15.44,15.16,15.58,14.98,13.06,16.92,16.05,15.56,14.61,16.33,3.18,3.90,3.76,8.36,8.04,5.89,4.46,7.55,5.33,6.03,5.61,5.59,11.43,12.74,9.11,9.64,6.54,11.59,5.09,1.93,3.08,2.38,3.04,1.66,0.90,2.93,2.85,0.47,0.82,2.15,3.37,1.14,2.31,2.45,1.52,2.01,4.09,2.56,1.77,4.25,2.21,0.64,5.55,5.49,99.00,1.49,1.02,2.20,1.29,3.91,1.59,1.36,0.57,2.87,2.47,24.25,23.49,26.17,23.98,23.17,23.44,25.29,23.89,26.12,26.25,23.12,24.72,23.45,24.64,23.51,23.15,24.32,24.58,22.43,24.20,22.76,25.83,25.55,25.89,24.72,25.07,25.83,25.25,25.75,22.64,25.02,26.29,22.11,26.07,22.33,22.10,24.67,21.18,19.78,21.21,20.15,19.23,20.54,22.33,21.26,21.10,21.10,22.97,21.36,20.44,22.10,22.41,10.35,11.18,11.18,12.02,10.52,9.86,10.94,11.60,11.37,11.42,9.00,9.77,12.55,12.18,11.53,12.10,9.98,10.80,11.15,10.99,11.78,8.58,10.24,10.59,20.75,21.06,21.57,21.57,20.81,20.83,19.76,20.20,21.23],
  [23.33,15.04,14.53,4.14,7.66,27.20,7.26,7.45,9.17,4.64,4.64,7.42,5.53,7.33,5.99,15.36,14.13,14.18,15.94,17.98,17.43,16.38,17.50,15.86,14.99,17.81,15.03,16.57,16.29,16.83,16.15,14.35,17.91,17.24,16.80,15.85,17.41,4.32,2.59,2.39,6.96,6.59,4.79,3.78,6.44,4.80,4.75,4.23,4.24,10.11,11.38,8.00,8.49,5.28,10.21,5.68,2.31,3.86,3.83,4.29,1.36,2.38,4.37,1.37,1.42,2.26,0.81,4.79,2.45,1.01,2.13,0.74,3.24,4.32,3.69,1.81,4.58,0.99,0.91,6.26,5.95,1.49,99.00,2.02,3.68,2.68,4.04,1.49,2.85,1.08,3.84,3.18,25.29,24.59,27.23,25.08,24.30,24.61,26.36,25.03,27.17,27.30,24.16,25.84,24.59,25.74,24.57,24.26,25.40,25.66,23.56,25.28,23.77,26.87,26.64,26.95,25.81,26.11,26.93,26.30,26.80,23.67,26.09,27.34,23.11,27.14,23.43,23.07,25.78,22.49,21.14,22.53,21.47,20.61,21.91,23.60,22.60,22.38,22.38,24.23,22.63,21.79,23.39,23.70,11.67,12.54,12.54,12.79,11.21,10.69,11.86,12.39,12.55,12.48,10.09,10.65,13.44,13.11,12.38,13.44,11.23,11.67,12.08,11.81,12.76,9.74,10.99,11.33,21.71,21.98,22.68,22.66,21.71,22.00,20.71,21.14,22.19],
  [22.64,15.19,13.36,2.47,9.64,25.99,8.36,8.53,9.90,4.40,4.40,8.22,6.09,5.91,6.64,14.29,13.41,13.51,15.33,17.23,16.92,15.48,16.66,14.82,14.23,17.14,14.39,15.92,15.65,15.94,15.43,13.38,17.52,16.49,15.94,14.98,16.85,3.81,4.60,4.40,8.97,8.55,6.73,5.42,8.39,6.33,5.91,5.65,5.57,11.30,12.65,8.77,9.34,6.40,11.55,4.08,2.94,3.94,2.61,2.27,1.36,1.28,3.15,3.19,0.68,0.79,2.81,2.87,1.85,2.49,3.44,1.64,2.67,5.08,1.68,2.79,5.23,2.94,1.16,4.54,4.47,1.02,2.02,99.00,2.07,1.86,4.92,2.58,1.57,1.51,3.65,3.40,24.80,23.99,26.69,24.47,23.64,23.87,25.81,24.34,26.65,26.78,23.67,25.19,23.90,25.14,24.05,23.64,24.83,25.09,22.90,24.71,23.34,26.37,26.06,26.42,25.22,25.61,26.32,25.79,26.30,23.20,25.53,26.83,22.69,26.58,22.82,22.71,25.16,21.45,19.97,21.45,20.40,19.39,20.70,22.64,21.49,21.42,21.42,23.29,21.68,20.64,22.40,22.71,10.63,11.40,11.40,12.77,11.32,10.59,11.61,12.35,11.82,11.98,9.55,10.48,13.24,12.84,12.25,12.34,10.37,11.50,11.82,11.72,12.41,9.07,11.01,11.37,21.36,21.70,22.06,22.07,21.46,21.26,20.39,20.82,21.85],
  [20.72,13.85,11.30,0.46,11.28,23.92,8.15,8.31,9.22,3.26,3.26,7.69,5.50,3.83,6.09,12.25,11.50,11.62,13.46,15.30,15.10,13.49,14.68,12.79,12.30,15.23,12.51,14.04,13.77,13.95,13.52,11.37,15.76,14.55,13.96,13.00,15.00,2.53,6.02,5.92,10.51,10.23,7.83,6.12,9.46,6.78,7.98,7.68,7.61,13.37,14.72,10.82,11.40,8.47,13.61,4.80,3.19,3.26,0.88,1.79,3.42,1.34,1.25,5.02,2.35,1.45,4.33,1.42,1.66,4.42,4.12,3.57,1.79,4.83,1.88,3.41,4.85,4.36,2.79,4.96,5.34,2.20,3.68,2.07,99.00,1.39,4.83,3.40,0.91,2.70,2.75,3.03,22.97,22.10,24.83,22.58,21.72,21.92,23.95,22.41,24.79,24.91,21.84,23.28,21.98,23.25,22.19,21.74,22.95,23.22,20.98,22.83,21.53,24.52,24.17,24.56,23.33,23.76,24.43,23.95,24.45,21.38,23.66,24.97,20.90,24.70,20.93,20.95,23.26,19.41,17.91,19.40,18.35,17.33,18.63,20.62,19.43,19.40,19.40,21.28,19.65,18.58,20.37,20.67,8.61,9.35,9.35,11.32,10.01,9.13,10.02,10.89,9.92,10.21,7.80,8.96,11.65,11.20,10.71,10.29,8.42,9.96,10.20,10.25,10.73,7.24,9.62,9.99,19.61,19.99,20.17,20.19,19.78,19.32,18.66,19.10,20.10],
  [20.91,13.35,11.87,1.82,10.05,24.55,6.95,7.12,8.24,2.55,2.55,6.62,4.44,4.66,5.02,12.74,11.68,11.76,13.56,15.52,15.13,13.84,14.99,13.25,12.51,15.39,12.63,14.17,13.89,14.29,13.70,11.77,15.70,14.77,14.27,13.32,15.07,1.96,4.77,4.70,9.25,9.03,6.47,4.74,8.08,5.41,7.32,6.88,6.87,12.72,14.02,10.40,10.94,7.84,12.86,5.60,1.80,2.20,1.17,2.91,2.91,0.58,1.70,4.05,1.68,1.09,3.18,2.80,0.28,3.58,2.73,2.82,0.81,3.60,2.71,2.04,3.68,3.16,1.93,5.90,6.07,1.29,2.68,1.86,1.39,99.00,3.55,2.06,0.57,1.60,1.82,1.79,23.01,22.23,24.91,22.71,21.90,22.16,24.04,22.61,24.86,24.99,21.88,23.45,22.17,23.38,22.26,21.88,23.06,23.32,21.16,22.94,21.53,24.58,24.29,24.64,23.46,23.82,24.57,24.01,24.51,21.40,23.76,25.04,20.88,24.81,21.06,20.89,23.40,19.89,18.50,19.91,18.86,17.96,19.26,21.03,19.97,19.81,19.81,21.67,20.07,19.15,20.81,21.12,9.05,9.90,9.90,10.91,9.48,8.73,9.77,10.49,10.09,10.18,7.75,8.62,11.39,10.99,10.39,10.81,8.69,9.65,9.97,9.87,10.58,7.31,9.15,9.52,19.53,19.86,20.31,20.31,19.62,19.55,18.56,18.99,20.02],
  [20.18,11.14,12.46,5.17,8.63,24.91,3.44,3.62,5.14,2.53,2.53,3.39,1.60,6.66,1.97,13.06,11.23,11.21,12.82,15.00,14.14,13.72,14.71,13.48,12.13,14.73,12.00,13.48,13.20,14.12,13.18,11.89,14.45,14.30,14.05,13.15,14.19,2.97,3.99,4.20,7.64,7.84,4.30,2.24,5.59,2.27,8.28,7.54,7.66,13.27,14.39,11.69,12.10,8.81,13.14,8.98,1.98,1.80,4.17,6.46,5.22,3.97,4.36,4.83,4.34,4.39,3.73,6.24,3.35,4.94,1.96,4.71,3.06,0.38,6.21,2.28,0.71,3.49,4.12,9.37,9.39,3.91,4.04,4.92,4.83,3.55,99.00,2.59,4.12,3.56,2.34,1.80,21.86,21.32,23.85,21.81,21.12,21.53,22.99,21.87,23.78,23.92,20.75,22.62,21.42,22.45,21.20,21.02,22.08,22.33,20.38,21.97,20.31,23.45,23.32,23.57,22.52,22.70,23.64,22.89,23.38,20.23,22.75,23.94,19.63,23.79,20.17,19.52,22.52,19.93,18.86,20.06,19.00,18.46,19.73,20.89,20.18,19.68,19.68,21.47,19.93,19.46,20.74,21.04,9.53,10.54,10.54,9.06,7.40,7.09,8.38,8.68,9.76,9.31,7.13,7.14,9.86,9.63,8.77,11.30,8.77,8.11,8.61,8.15,9.38,7.05,7.27,7.58,18.16,18.36,19.44,19.39,18.06,18.94,17.14,17.57,18.63],
  [22.00,13.56,13.46,3.85,8.04,26.11,5.92,6.10,7.72,3.32,3.32,5.98,4.05,6.58,4.51,14.24,12.84,12.87,14.60,16.68,16.06,15.17,16.25,14.72,13.71,16.49,13.71,15.24,14.96,15.60,14.85,13.18,16.50,15.95,15.56,14.62,16.06,3.15,2.75,2.74,7.20,7.04,4.44,2.87,6.07,3.75,6.09,5.47,5.53,11.35,12.58,9.42,9.88,6.62,11.37,6.63,0.86,2.47,3.19,4.58,2.63,2.11,3.66,2.56,1.92,2.32,1.46,4.75,1.78,2.46,0.86,2.12,2.27,2.85,4.15,0.33,3.09,1.31,1.58,7.12,6.99,1.59,1.49,2.58,3.40,2.06,2.59,99.00,2.50,1.08,2.57,1.80,23.89,23.23,25.85,23.72,22.97,23.30,24.98,23.70,25.78,25.92,22.77,24.50,23.26,24.38,23.19,22.91,24.03,24.29,22.22,23.92,22.37,25.48,25.27,25.57,24.45,24.72,25.57,24.91,25.40,22.27,24.71,25.95,21.70,25.76,22.07,21.64,24.42,21.31,20.05,21.38,20.32,19.55,20.85,22.39,21.47,21.16,21.16,23.00,21.42,20.68,22.19,22.50,10.56,11.48,11.48,11.33,9.74,9.24,10.43,10.93,11.28,11.12,8.76,9.21,12.00,11.69,10.94,12.35,10.03,10.23,10.65,10.35,11.36,8.47,9.52,9.86,20.28,20.54,21.32,21.30,20.27,20.69,19.28,19.71,20.76],
  [21.08,13.75,11.87,1.37,10.39,24.53,7.52,7.68,8.77,2.98,2.98,7.17,4.98,4.52,5.57,12.78,11.84,11.93,13.76,15.67,15.35,13.93,15.10,13.30,12.66,15.57,12.81,14.35,14.08,14.39,13.86,11.84,15.96,14.92,14.38,13.43,15.28,2.32,5.13,5.03,9.61,9.34,6.93,5.26,8.56,5.96,7.32,6.95,6.91,12.73,14.05,10.30,10.85,7.83,12.92,5.08,2.35,2.73,1.06,2.34,2.81,0.47,1.62,4.21,1.62,0.79,3.45,2.27,0.80,3.66,3.23,2.83,1.27,4.17,2.16,2.52,4.24,3.47,1.99,5.36,5.56,1.36,2.85,1.57,0.91,0.57,4.12,2.50,99.00,1.82,2.31,2.36,23.23,22.42,25.12,22.90,22.07,22.30,24.24,22.77,25.07,25.20,22.10,23.62,22.34,23.57,22.47,22.07,23.26,23.52,21.33,23.14,21.77,24.80,24.49,24.85,23.65,24.04,24.75,24.22,24.73,21.63,23.96,25.25,21.12,25.01,21.25,21.15,23.59,19.93,18.49,19.94,18.89,17.93,19.23,21.11,19.99,19.88,19.88,21.75,20.14,19.15,20.87,21.18,9.10,9.90,9.90,11.29,9.89,9.10,10.08,10.86,10.25,10.42,7.99,8.97,11.71,11.30,10.73,10.83,8.81,9.99,10.28,10.23,10.86,7.50,9.54,9.91,19.80,20.15,20.49,20.50,19.92,19.70,18.83,19.27,20.29],
  [22.32,14.27,13.45,3.17,8.57,26.12,6.95,7.13,8.65,3.67,3.67,6.93,4.89,6.26,5.40,14.29,13.10,13.17,14.94,16.95,16.46,15.33,16.46,14.80,13.96,16.80,14.03,15.57,15.29,15.78,15.13,13.29,16.97,16.21,15.76,14.81,16.43,3.29,3.34,3.22,7.82,7.52,5.32,3.92,6.97,4.82,5.79,5.31,5.30,11.17,12.45,8.98,9.48,6.32,11.29,5.55,1.60,2.98,2.76,3.61,1.72,1.37,3.30,2.45,0.84,1.39,1.63,3.93,1.37,2.03,1.94,1.37,2.18,3.77,3.12,1.32,3.97,1.66,0.58,6.04,5.92,0.57,1.08,1.51,2.70,1.60,3.56,1.08,1.82,99.00,2.87,2.32,24.33,23.60,26.26,24.09,23.30,23.59,25.38,24.02,26.20,26.34,23.20,24.84,23.58,24.75,23.60,23.27,24.42,24.68,22.56,24.30,22.82,25.91,25.65,25.98,24.83,25.15,25.94,25.33,25.83,22.71,25.11,26.38,22.17,26.16,22.44,22.14,24.79,21.42,20.07,21.46,20.40,19.54,20.84,22.55,21.53,21.32,21.32,23.18,21.58,20.71,22.33,22.64,10.60,11.47,11.47,11.96,10.42,9.82,10.94,11.54,11.53,11.50,9.10,9.76,12.54,12.20,11.51,12.37,10.18,10.78,11.16,10.95,11.82,8.72,10.16,10.51,20.78,21.07,21.69,21.67,20.81,20.98,19.79,20.22,21.27],
  [19.49,11.55,10.93,3.00,10.31,23.56,5.45,5.60,6.49,0.80,0.80,4.94,2.75,4.43,3.34,11.68,10.29,10.34,12.09,14.14,13.60,12.60,13.69,12.15,11.16,13.97,11.19,12.73,12.45,13.03,12.31,10.61,14.09,13.41,13.00,12.05,13.57,0.69,5.15,5.21,9.40,9.39,6.24,4.24,7.71,4.56,8.58,8.02,8.05,13.90,15.14,11.84,12.33,9.12,13.94,7.38,1.76,0.56,1.95,4.52,4.52,2.40,2.04,5.10,3.32,2.90,4.02,4.07,1.80,4.85,2.71,4.24,1.04,2.23,4.45,2.31,2.17,3.88,3.39,7.64,7.87,2.87,3.84,3.65,2.75,1.82,2.34,2.57,2.31,2.87,99.00,0.86,21.46,20.75,23.39,21.24,20.46,20.77,22.52,21.19,23.34,23.47,20.33,22.00,20.74,21.90,20.73,20.42,21.56,21.82,19.71,21.44,19.95,23.04,22.79,23.12,21.97,22.28,23.08,22.47,22.97,19.84,22.25,23.51,19.30,23.30,19.58,19.27,21.93,18.74,17.49,18.82,17.75,17.01,18.30,19.82,18.90,18.60,18.60,20.44,18.85,18.12,19.62,19.93,8.01,8.95,8.95,9.15,7.68,6.99,8.08,8.74,8.73,8.64,6.25,6.91,9.69,9.33,8.67,9.80,7.46,7.93,8.30,8.12,8.95,5.91,7.38,7.73,17.91,18.21,18.83,18.82,17.96,18.16,16.92,17.36,18.40],
  [20.20,11.95,11.77,3.37,9.46,24.39,5.16,5.33,6.51,1.54,1.54,4.85,2.70,5.24,3.26,12.50,11.04,11.07,12.80,14.88,14.27,13.39,14.47,12.97,11.92,14.69,11.92,13.44,13.16,13.82,13.05,11.42,14.72,14.15,13.77,12.84,14.26,1.53,4.30,4.37,8.55,8.53,5.42,3.45,6.92,3.88,7.88,7.27,7.32,13.15,14.37,11.18,11.66,8.41,13.16,7.35,0.94,0.68,2.39,4.69,4.04,2.28,2.63,4.36,2.94,2.75,3.25,4.43,1.64,4.19,1.85,3.68,1.27,1.82,4.50,1.51,1.89,3.09,2.89,7.68,7.80,2.47,3.18,3.40,3.03,1.79,1.80,1.80,2.36,2.32,0.86,99.00,22.11,21.44,24.06,21.93,21.17,21.50,23.19,21.90,24.00,24.14,20.98,22.70,21.46,22.58,21.40,21.11,22.24,22.50,20.42,22.12,20.59,23.69,23.48,23.78,22.65,22.94,23.77,23.13,23.62,20.49,22.92,24.17,19.93,23.97,20.27,19.88,22.63,19.55,18.32,19.63,18.56,17.84,19.13,20.61,19.72,19.38,19.38,21.22,19.64,18.94,20.42,20.73,8.85,9.79,9.79,9.64,8.10,7.51,8.67,9.23,9.49,9.32,6.96,7.47,10.26,9.93,9.21,10.64,8.27,8.49,8.89,8.64,9.58,6.68,7.84,8.19,18.52,18.79,19.53,19.51,18.53,18.89,17.52,17.96,19.01],
  [3.22,11.71,13.12,22.77,29.77,10.29,20.53,20.41,18.11,20.66,20.66,19.42,20.28,19.70,20.09,11.90,11.51,11.36,9.51,7.95,7.88,10.13,8.88,11.32,10.80,7.84,10.47,8.96,9.21,9.66,9.56,12.18,7.41,8.67,9.56,10.42,7.96,21.08,25.85,26.06,28.75,29.27,25.50,23.79,25.98,23.08,29.98,29.32,29.40,35.13,36.25,33.29,33.77,30.51,35.00,27.29,23.03,21.43,22.23,24.31,25.91,23.55,21.73,26.45,24.68,24.01,25.32,23.25,23.11,26.29,23.65,25.70,22.24,21.49,24.73,23.58,21.16,25.13,24.83,27.08,27.87,24.25,25.29,24.80,22.97,23.01,21.86,23.89,23.23,24.33,21.46,22.11,99.00,1.69,2.03,1.61,2.48,3.39,1.28,2.66,1.93,2.08,1.13,2.20,2.63,1.49,0.88,2.05,1.10,1.11,2.86,1.11,1.61,1.59,1.79,1.75,1.46,0.85,2.22,1.03,1.52,1.63,1.20,2.08,2.29,2.06,2.41,2.67,1.80,7.56,9.55,8.16,8.30,10.31,9.99,6.38,8.51,6.67,6.67,5.97,6.59,9.13,6.82,6.79,14.79,14.47,14.47,12.96,14.67,14.78,13.50,13.28,13.07,12.83,15.26,14.73,12.01,12.24,13.11,13.58,14.64,13.75,13.27,13.75,12.54,15.74,14.67,14.41,3.87,4.04,3.09,2.96,4.46,4.55,4.89,4.52,3.48],
  [1.64,11.70,11.85,21.87,29.43,8.79,20.24,20.14,17.87,19.95,19.95,19.07,19.77,18.70,19.62,10.64,10.59,10.48,8.67,6.85,7.19,8.94,7.67,10.05,9.82,6.86,9.60,8.06,8.33,8.46,8.58,11.04,6.97,7.60,8.39,9.29,7.18,20.33,25.31,25.50,28.41,28.88,25.11,23.33,25.69,22.68,29.32,28.69,28.76,34.54,35.70,32.58,33.08,29.85,34.46,26.29,22.37,20.76,21.39,23.37,25.14,22.76,20.88,25.80,23.90,23.20,24.68,22.29,22.35,25.60,23.04,24.96,21.48,20.95,23.82,22.93,20.62,24.50,24.08,26.04,26.87,23.49,24.59,23.99,22.10,22.23,21.32,23.23,22.42,23.60,20.75,21.44,1.69,99.00,2.83,0.49,0.79,1.76,1.97,1.17,2.83,2.93,1.51,1.36,0.99,1.16,1.02,0.41,0.93,1.19,1.28,0.82,2.20,2.72,2.09,2.59,1.24,2.05,2.34,2.18,2.64,1.93,1.64,3.03,2.64,2.64,1.17,3.30,1.19,5.88,7.89,6.48,6.64,8.67,8.31,4.69,6.83,5.00,5.00,4.31,4.91,7.45,5.13,5.11,13.74,13.33,13.33,12.62,14.32,14.28,12.96,12.91,12.18,12.12,14.51,14.19,11.57,11.72,12.66,12.40,13.70,13.25,12.72,13.31,11.94,14.92,14.25,14.02,4.08,4.54,1.92,1.94,4.97,3.08,4.96,4.69,3.85],
  [4.43,13.73,14.68,24.62,31.79,9.89,22.56,22.44,20.14,22.59,22.59,21.44,22.27,21.49,22.09,13.47,13.33,13.21,11.37,9.66,9.80,11.76,10.50,12.88,12.59,9.62,12.32,10.79,11.06,11.28,11.35,13.86,9.40,10.40,11.21,12.11,9.84,23.00,27.84,28.04,30.77,31.28,27.52,25.80,28.00,25.10,31.93,31.29,31.36,37.11,38.24,35.23,35.71,32.47,36.99,29.08,24.98,23.38,24.11,26.14,27.82,25.46,23.60,28.41,26.59,25.91,27.28,25.06,25.03,28.23,25.62,27.62,24.16,23.48,26.57,25.54,23.15,27.09,26.75,28.84,29.66,26.17,27.23,26.69,24.83,24.91,23.85,25.85,25.12,26.26,23.39,24.06,2.03,2.83,99.00,2.40,3.43,3.89,0.88,3.09,0.17,0.12,3.11,2.13,3.35,1.73,2.66,3.23,1.91,1.65,4.09,2.03,3.64,0.61,0.86,0.28,1.64,1.18,0.99,1.00,0.64,3.65,1.19,0.29,4.32,0.35,3.94,4.66,1.89,8.25,10.38,8.79,9.15,11.19,10.65,6.86,9.11,7.48,7.48,6.29,7.33,9.85,7.33,7.21,16.54,16.14,16.14,14.98,16.68,16.77,15.48,15.30,14.91,14.76,17.17,16.71,14.01,14.22,15.11,15.23,16.46,15.74,15.24,15.75,14.50,17.62,16.67,16.42,5.90,6.02,4.70,4.65,6.43,5.89,6.92,6.54,5.49],
  [2.02,12.16,12.28,22.35,29.92,8.70,20.73,20.62,18.35,20.44,20.44,19.56,20.26,19.17,20.11,11.07,11.07,10.97,9.15,7.32,7.68,9.39,8.12,10.49,10.29,7.34,10.09,8.55,8.82,8.91,9.06,11.50,7.46,8.07,8.84,9.75,7.67,20.81,25.80,25.99,28.89,29.36,25.60,23.82,26.17,23.17,29.81,29.18,29.25,35.03,36.19,33.07,33.57,30.34,34.95,26.76,22.86,21.25,21.88,23.84,25.63,23.25,21.36,26.29,24.39,23.69,25.17,22.76,22.84,26.08,23.53,25.45,21.97,21.44,24.29,23.42,21.11,24.99,24.57,26.51,27.34,23.98,25.08,24.47,22.58,22.71,21.81,23.72,22.90,24.09,21.24,21.93,1.61,0.49,2.40,99.00,1.05,1.80,1.58,1.05,2.42,2.51,1.76,0.91,1.08,0.69,1.19,0.84,0.61,0.81,1.69,0.53,2.47,2.36,1.63,2.18,0.77,1.76,1.85,1.87,2.29,2.25,1.25,2.63,2.98,2.19,1.65,3.61,0.71,6.09,8.14,6.67,6.90,8.93,8.51,4.82,7.01,5.24,5.24,4.38,5.12,7.67,5.27,5.22,14.21,13.78,13.78,13.11,14.80,14.77,13.45,13.40,12.66,12.61,14.99,14.68,12.06,12.21,13.15,12.85,14.18,13.74,13.21,13.80,12.43,15.41,14.74,14.50,4.48,4.90,2.41,2.43,5.33,3.49,5.39,5.10,4.22],
  [1.03,11.79,11.29,21.49,29.31,8.11,20.16,20.06,17.82,19.67,19.67,18.97,19.58,18.27,19.45,10.09,10.23,10.15,8.37,6.43,6.99,8.44,7.18,9.50,9.43,6.51,9.28,7.74,8.02,7.96,8.21,10.57,6.90,7.18,7.90,8.83,6.93,20.02,25.10,25.28,28.29,28.73,24.97,23.15,25.59,22.53,29.04,28.43,28.49,34.30,35.48,32.28,32.79,29.58,34.23,25.85,22.11,20.50,21.04,22.96,24.82,22.43,20.52,25.53,23.58,22.86,24.42,21.88,22.03,25.31,22.80,24.66,21.17,20.74,23.42,22.67,20.41,24.24,23.77,25.59,26.43,23.17,24.30,23.64,21.72,21.90,21.12,22.97,22.07,23.30,20.46,21.17,2.48,0.79,3.43,1.05,99.00,1.06,2.63,0.80,3.46,3.54,2.17,1.55,0.37,1.70,1.77,0.50,1.64,1.86,0.75,1.54,2.80,3.41,2.62,3.22,1.79,2.79,2.77,2.91,3.34,2.49,2.29,3.67,3.12,3.19,1.12,3.82,1.59,5.09,7.12,5.69,5.87,7.90,7.52,3.91,6.04,4.22,4.22,3.54,4.12,6.67,4.34,4.32,13.29,12.83,12.83,12.54,14.22,14.12,12.78,12.81,11.82,11.86,14.22,14.01,11.44,11.55,12.53,11.90,13.31,13.09,12.54,13.18,11.74,14.60,14.12,13.91,4.41,4.97,1.71,1.84,5.38,2.50,5.19,4.97,4.25],
  [1.44,12.55,11.22,21.66,29.83,7.06,20.72,20.63,18.43,19.99,19.99,19.51,20.02,18.38,19.92,10.04,10.49,10.43,8.72,6.64,7.49,8.49,7.25,9.45,9.65,6.82,9.59,8.07,8.35,8.01,8.46,10.63,7.55,7.39,7.98,8.93,7.37,20.30,25.51,25.67,28.80,29.21,25.46,23.61,26.14,23.03,29.36,28.77,28.82,34.65,35.85,32.55,33.07,29.89,34.62,25.93,22.44,20.83,21.26,23.09,25.07,22.67,20.73,25.86,23.83,23.09,24.76,22.00,22.30,25.61,23.17,24.94,21.44,21.16,23.58,23.01,20.82,24.59,24.05,25.64,26.51,23.44,24.61,23.87,21.92,22.16,21.53,23.30,22.30,23.59,20.77,21.50,3.39,1.76,3.89,1.80,1.06,99.00,3.22,0.81,3.96,4.00,3.22,1.76,0.77,2.26,2.78,1.55,2.39,2.54,1.42,2.32,3.86,4.02,3.03,3.73,2.35,3.52,3.04,3.60,3.95,3.55,2.90,4.16,4.16,3.59,2.06,4.87,2.02,4.37,6.49,4.93,5.27,7.30,6.78,3.04,5.26,3.59,3.59,2.58,3.44,5.97,3.50,3.43,13.39,12.86,12.86,13.14,14.79,14.61,13.25,13.38,12.07,12.23,14.54,14.47,11.99,12.06,13.07,11.91,13.50,13.59,13.01,13.71,12.19,14.87,14.65,14.46,5.38,5.99,2.46,2.66,6.39,2.61,6.10,5.92,5.26],
  [3.60,12.96,13.82,23.74,30.97,9.64,21.74,21.62,19.33,21.72,21.72,20.61,21.42,20.61,21.24,12.61,12.45,12.33,10.49,8.78,8.92,10.89,9.63,12.02,11.71,8.74,11.44,9.91,10.17,10.41,10.46,12.98,8.55,9.52,10.33,11.23,8.96,22.12,26.99,27.19,29.94,30.45,26.68,24.95,27.18,24.26,31.06,30.42,30.49,36.25,37.38,34.35,34.84,31.60,36.13,28.20,24.12,22.51,23.23,25.26,26.95,24.58,22.72,27.54,25.71,25.03,26.42,24.18,24.15,27.36,24.75,26.75,23.28,22.62,25.69,24.67,22.29,26.23,25.88,27.96,28.78,25.29,26.36,25.81,23.95,24.04,22.99,24.98,24.24,25.38,22.52,23.19,1.28,1.97,0.88,1.58,2.63,3.22,99.00,2.41,0.86,0.97,2.29,1.55,2.60,0.97,1.80,2.38,1.04,0.79,3.25,1.16,2.87,0.80,0.55,0.62,0.88,0.57,0.98,0.50,0.73,2.83,0.34,1.06,3.54,0.81,3.06,3.94,1.21,7.58,9.68,8.15,8.44,10.48,10.00,6.25,8.48,6.77,6.77,5.73,6.64,9.18,6.71,6.62,15.66,15.27,15.27,14.14,15.85,15.92,14.62,14.46,14.03,13.88,16.29,15.86,13.16,13.36,14.26,14.36,15.58,14.89,14.38,14.90,13.64,16.74,15.83,15.58,5.13,5.32,3.82,3.77,5.74,5.05,6.13,5.77,4.75],
  [1.70,12.58,11.85,22.17,30.09,7.66,20.95,20.85,18.62,20.40,20.40,19.75,20.34,18.92,20.22,10.66,10.94,10.86,9.10,7.11,7.76,9.06,7.80,10.07,10.12,7.22,10.00,8.46,8.74,8.57,8.91,11.19,7.70,7.86,8.53,9.47,7.68,20.74,25.86,26.03,29.07,29.50,25.75,23.92,26.38,23.31,29.77,29.17,29.23,35.04,36.22,32.99,33.51,30.31,34.99,26.49,22.84,21.23,21.74,23.62,25.52,23.13,21.21,26.26,24.29,23.56,25.15,22.53,22.74,26.03,23.55,25.37,21.88,21.50,24.09,23.41,21.17,24.98,24.49,26.21,27.07,23.89,25.03,24.34,22.41,22.61,21.87,23.70,22.77,24.02,21.19,21.90,2.66,1.17,3.09,1.05,0.80,0.81,2.41,99.00,3.16,3.20,2.68,0.99,0.45,1.45,2.16,1.13,1.61,1.75,1.50,1.56,3.36,3.21,2.23,2.93,1.53,2.72,2.27,2.80,3.14,3.09,2.09,3.36,3.77,2.80,1.90,4.45,1.21,5.18,7.29,5.74,6.06,8.10,7.59,3.85,6.07,4.39,4.39,3.36,4.25,6.78,4.31,4.23,13.94,13.44,13.44,13.33,15.01,14.89,13.55,13.60,12.52,12.60,14.94,14.77,12.23,12.33,13.31,12.50,13.99,13.87,13.31,13.96,12.50,15.31,14.90,14.69,5.14,5.66,2.51,2.64,6.08,3.10,5.96,5.73,4.95],
  [4.45,13.62,14.68,24.58,31.70,10.04,22.46,22.34,20.04,22.54,22.54,21.35,22.20,21.46,22.01,13.47,13.30,13.17,11.33,9.64,9.74,11.75,10.49,12.88,12.56,9.59,12.28,10.75,11.02,11.28,11.32,13.85,9.33,10.37,11.20,12.09,9.79,22.94,27.77,27.97,30.68,31.20,27.43,25.72,27.91,25.01,31.87,31.22,31.30,37.04,38.17,35.17,35.65,32.41,36.91,29.05,24.92,23.32,24.07,26.10,27.77,25.41,23.56,28.34,26.54,25.86,27.22,25.03,24.97,28.18,25.55,27.57,24.10,23.40,26.54,25.48,23.08,27.03,26.70,28.82,29.63,26.12,27.17,26.65,24.79,24.86,23.78,25.78,25.07,26.20,23.34,24.00,1.93,2.83,0.17,2.42,3.46,3.96,0.86,3.16,99.00,0.15,3.03,2.21,3.40,1.77,2.60,3.24,1.90,1.64,4.10,2.02,3.54,0.45,0.94,0.24,1.68,1.08,1.13,0.90,0.48,3.56,1.19,0.20,4.22,0.49,3.93,4.54,1.95,8.33,10.45,8.88,9.22,11.26,10.73,6.95,9.19,7.55,7.55,6.39,7.40,9.93,7.41,7.30,16.52,16.13,16.13,14.89,16.60,16.70,15.41,15.21,14.87,14.70,17.12,16.64,13.93,14.15,15.03,15.22,16.43,15.67,15.17,15.67,14.43,17.58,16.59,16.33,5.80,5.90,4.68,4.62,6.31,5.91,6.82,6.44,5.38],
  [4.53,13.77,14.78,24.71,31.85,9.99,22.61,22.49,20.19,22.67,22.67,21.50,22.34,21.58,22.16,13.57,13.42,13.29,11.45,9.75,9.87,11.86,10.60,12.98,12.68,9.71,12.41,10.88,11.14,11.38,11.44,13.96,9.47,10.49,11.30,12.20,9.92,23.07,27.91,28.11,30.82,31.34,27.58,25.86,28.06,25.16,32.01,31.36,31.43,37.18,38.31,35.30,35.79,32.54,37.06,29.17,25.06,23.46,24.19,26.23,27.90,25.54,23.69,28.48,26.67,25.99,27.36,25.15,25.11,28.31,25.69,27.70,24.24,23.55,26.66,25.61,23.22,27.17,26.83,28.94,29.75,26.25,27.30,26.78,24.91,24.99,23.92,25.92,25.20,26.34,23.47,24.14,2.08,2.93,0.12,2.51,3.54,4.00,0.97,3.20,0.15,99.00,3.18,2.25,3.46,1.84,2.74,3.33,2.01,1.75,4.19,2.13,3.69,0.60,0.97,0.36,1.75,1.23,1.10,1.05,0.63,3.70,1.29,0.19,4.37,0.45,4.04,4.69,2.00,8.36,10.49,8.91,9.27,11.30,10.76,6.98,9.22,7.59,7.59,6.40,7.44,9.97,7.44,7.33,16.63,16.24,16.24,15.04,16.74,16.84,15.55,15.36,15.00,14.84,17.25,16.78,14.08,14.29,15.17,15.33,16.55,15.81,15.31,15.81,14.57,17.71,16.74,16.48,5.95,6.05,4.79,4.74,6.46,6.00,6.97,6.59,5.53],
  [2.58,10.69,12.08,21.64,28.68,10.28,19.45,19.34,17.04,19.53,19.53,18.33,19.17,18.59,18.98,10.86,10.39,10.24,8.39,6.88,6.75,9.08,7.83,10.29,9.69,6.74,9.35,7.84,8.10,8.61,8.45,11.10,6.29,7.59,8.50,9.35,6.84,19.95,24.74,24.94,27.66,28.17,24.40,22.68,24.90,21.98,28.85,28.19,28.28,34.01,35.14,32.16,32.64,29.39,33.88,26.17,21.90,20.31,21.10,23.19,24.78,22.43,20.60,25.32,23.55,22.88,24.20,22.13,21.98,25.16,22.52,24.57,21.11,20.37,23.61,22.46,20.05,24.00,23.70,25.97,26.75,23.12,24.16,23.67,21.84,21.88,20.75,22.77,22.10,23.20,20.33,20.98,1.13,1.51,3.11,1.76,2.17,3.22,2.29,2.68,3.03,3.18,99.00,2.63,2.46,2.07,0.60,1.68,1.60,1.79,2.25,1.53,0.71,2.71,2.70,2.83,2.09,1.96,3.10,2.14,2.64,0.56,2.09,3.19,1.29,3.09,1.62,1.85,2.30,7.02,8.88,7.63,7.64,9.61,9.41,5.98,8.00,6.08,6.08,5.68,6.03,8.52,6.39,6.41,13.69,13.39,13.39,11.87,13.57,13.66,12.38,12.18,11.95,11.70,14.13,13.61,10.90,11.12,12.00,12.50,13.52,12.64,12.14,12.64,11.41,14.61,13.56,13.30,2.88,3.18,2.15,1.97,3.61,3.71,3.86,3.52,2.54],
  [2.57,13.06,12.81,23.04,30.77,8.16,21.59,21.48,19.23,21.21,21.21,20.41,21.07,19.83,20.94,11.61,11.78,11.69,9.90,7.99,8.48,9.98,8.72,11.02,10.98,8.06,10.82,9.28,9.56,9.50,9.76,12.11,8.32,8.74,9.45,10.38,8.45,21.56,26.61,26.80,29.75,30.20,26.44,24.64,27.03,24.01,30.58,29.96,30.02,35.82,36.99,33.82,34.33,31.11,35.75,27.40,23.64,22.03,22.59,24.51,26.36,23.98,22.07,27.06,25.13,24.41,25.95,23.43,23.58,26.84,24.32,26.20,22.71,22.25,24.98,24.20,21.92,25.77,25.32,27.13,27.98,24.72,25.84,25.19,23.28,23.45,22.62,24.50,23.62,24.84,22.00,22.70,2.20,1.36,2.13,0.91,1.55,1.76,1.55,0.99,2.21,2.25,2.63,99.00,1.34,0.72,2.04,1.61,1.12,1.10,2.30,1.15,3.34,2.33,1.28,2.00,0.77,1.99,1.29,2.01,2.27,3.15,1.28,2.41,3.88,1.83,2.47,4.48,0.41,6.12,8.25,6.66,7.03,9.06,8.52,4.74,6.98,5.36,5.36,4.19,5.20,7.72,5.20,5.09,14.84,14.37,14.37,13.97,15.66,15.60,14.27,14.25,13.37,13.38,15.75,15.50,12.90,13.03,13.99,13.44,14.86,14.57,14.03,14.64,13.24,16.14,15.58,15.36,5.40,5.80,3.18,3.25,6.23,4.02,6.31,6.02,5.12],
  [1.26,12.15,11.47,21.74,29.64,7.82,20.50,20.40,18.17,19.95,19.95,19.30,19.89,18.50,19.77,10.27,10.50,10.42,8.65,6.68,7.30,8.65,7.39,9.68,9.68,6.78,9.55,8.02,8.30,8.16,8.47,10.78,7.25,7.43,8.11,9.05,7.23,20.30,25.41,25.58,28.62,29.05,25.29,23.47,25.93,22.86,29.33,28.72,28.78,34.59,35.77,32.55,33.06,29.86,34.54,26.07,22.40,20.78,21.30,23.20,25.09,22.69,20.78,25.82,23.85,23.13,24.71,22.11,22.30,25.59,23.10,24.93,21.44,21.05,23.67,22.96,20.71,24.53,24.05,25.80,26.65,23.45,24.59,23.90,21.98,22.17,21.42,23.26,22.34,23.58,20.74,21.46,2.63,0.99,3.35,1.08,0.37,0.77,2.60,0.45,3.40,3.46,2.46,1.34,99.00,1.64,2.01,0.81,1.68,1.87,1.05,1.60,3.12,3.40,2.51,3.16,1.73,2.84,2.61,2.94,3.33,2.82,2.27,3.60,3.47,3.09,1.49,4.16,1.47,5.01,7.08,5.59,5.84,7.88,7.44,3.76,5.93,4.18,4.18,3.33,4.05,6.60,4.20,4.16,13.52,13.04,13.04,12.88,14.56,14.44,13.09,13.15,12.09,12.15,14.50,14.32,11.78,11.88,12.86,12.10,13.56,13.42,12.85,13.51,12.05,14.87,14.45,14.24,4.78,5.33,2.06,2.20,5.74,2.69,5.56,5.35,4.61],
  [2.70,12.68,12.97,23.03,30.52,8.87,21.31,21.20,18.93,21.10,21.10,20.16,20.89,19.86,20.73,11.76,11.75,11.64,9.82,8.01,8.32,10.08,8.81,11.17,10.97,8.02,10.76,9.22,9.49,9.60,9.74,12.19,8.06,8.75,9.53,10.44,8.32,21.48,26.44,26.63,29.50,29.98,26.21,24.44,26.76,23.78,30.46,29.83,29.90,35.68,36.83,33.73,34.23,31.00,35.59,27.44,23.51,21.91,22.55,24.53,26.29,23.91,22.04,26.94,25.06,24.36,25.82,23.45,23.50,26.74,24.18,26.11,22.63,22.07,24.97,24.07,21.74,25.64,25.24,27.19,28.02,24.64,25.74,25.14,23.25,23.38,22.45,24.38,23.57,24.75,21.90,22.58,1.49,1.16,1.73,0.69,1.70,2.26,0.97,1.45,1.77,1.84,2.07,0.72,1.64,99.00,1.47,1.53,0.47,0.38,2.37,0.54,2.76,1.77,0.94,1.53,0.09,1.30,1.19,1.36,1.70,2.61,0.64,1.97,3.35,1.51,2.32,3.90,0.31,6.62,8.71,7.18,7.48,9.51,9.04,5.29,7.51,5.81,5.81,4.79,5.67,8.22,5.75,5.67,14.89,14.47,14.47,13.70,15.40,15.40,14.08,14.00,13.33,13.26,15.66,15.31,12.67,12.83,13.76,13.54,14.86,14.37,13.84,14.41,13.07,16.08,15.35,15.11,4.91,5.25,3.08,3.08,5.68,4.17,5.87,5.55,4.60],
  [2.39,11.24,12.25,21.99,29.18,9.81,19.96,19.85,17.56,19.93,19.93,18.82,19.62,18.89,19.45,11.04,10.71,10.58,8.73,7.11,7.14,9.28,8.02,10.46,9.99,7.02,9.69,8.17,8.43,8.81,8.75,11.33,6.75,7.84,8.71,9.58,7.19,20.34,25.19,25.39,28.16,28.66,24.89,23.15,25.41,22.47,29.27,28.63,28.70,34.45,35.59,32.57,33.05,29.81,34.34,26.48,22.32,20.72,21.47,23.52,25.17,22.81,20.96,25.75,23.93,23.26,24.62,22.45,22.37,25.58,22.96,24.97,21.50,20.82,23.95,22.88,20.50,24.43,24.09,26.26,27.06,23.51,24.57,24.05,22.19,22.26,21.20,23.19,22.47,23.60,20.73,21.40,0.88,1.02,2.66,1.19,1.77,2.78,1.80,2.16,2.60,2.74,0.60,2.04,2.01,1.47,99.00,1.29,1.01,1.21,2.03,0.93,1.30,2.34,2.16,2.38,1.50,1.58,2.54,1.76,2.26,1.14,1.56,2.78,1.88,2.60,1.54,2.45,1.70,6.78,8.73,7.39,7.48,9.48,9.20,5.67,7.75,5.88,5.88,5.31,5.80,8.33,6.09,6.08,13.97,13.63,13.63,12.36,14.07,14.12,12.82,12.67,12.29,12.10,14.51,14.06,11.37,11.57,12.47,12.73,13.85,13.09,12.59,13.11,11.84,14.98,14.04,13.79,3.45,3.78,2.22,2.10,4.21,3.68,4.42,4.09,3.13],
  [1.23,11.52,11.45,21.51,29.16,8.61,19.99,19.88,17.63,19.62,19.62,18.81,19.47,18.33,19.33,10.24,10.23,10.13,8.33,6.48,6.88,8.55,7.28,9.65,9.45,6.50,9.26,7.71,7.99,8.07,8.22,10.66,6.71,7.23,8.00,8.91,6.85,19.99,25.01,25.20,28.14,28.60,24.83,23.04,25.43,22.40,28.99,28.37,28.43,34.22,35.39,32.24,32.75,29.53,34.15,25.92,22.05,20.44,21.04,23.00,24.80,22.41,20.53,25.47,23.56,22.86,24.36,21.92,22.01,25.26,22.73,24.63,21.14,20.64,23.45,22.61,20.31,24.18,23.75,25.66,26.49,23.15,24.26,23.64,21.74,21.88,21.02,22.91,22.07,23.27,20.42,21.11,2.05,0.41,3.23,0.84,0.50,1.55,2.38,1.13,3.24,3.33,1.68,1.61,0.81,1.53,1.29,99.00,1.34,1.59,0.87,1.23,2.31,3.13,2.47,2.99,1.62,2.45,2.69,2.59,3.05,2.01,2.05,3.44,2.66,3.03,0.86,3.35,1.52,5.52,7.51,6.12,6.26,8.28,7.94,4.37,6.47,4.63,4.63,4.03,4.54,7.08,4.80,4.79,13.36,12.94,12.94,12.37,14.05,13.99,12.66,12.64,11.82,11.79,14.17,13.89,11.29,11.43,12.38,12.01,13.34,12.97,12.42,13.03,11.64,14.58,13.97,13.75,4.01,4.54,1.58,1.64,4.95,2.67,4.84,4.60,3.82],
  [2.57,12.24,12.78,22.74,30.12,9.19,20.91,20.80,18.52,20.76,20.76,19.76,20.52,19.59,20.35,11.56,11.45,11.33,9.50,7.75,7.97,9.85,8.59,10.98,10.69,7.73,10.45,8.91,9.18,9.38,9.45,11.95,7.67,8.49,9.30,10.20,7.99,21.15,26.07,26.27,29.10,29.58,25.82,24.06,26.36,23.39,30.12,29.48,29.55,35.32,36.47,33.39,33.89,30.65,35.22,27.18,23.17,21.56,22.24,24.25,25.97,23.60,21.73,26.59,24.74,24.05,25.47,23.17,23.18,26.41,23.82,25.78,22.31,21.71,24.69,23.73,21.38,25.29,24.91,26.94,27.76,24.32,25.40,24.83,22.95,23.06,22.08,24.03,23.26,24.42,21.56,22.24,1.10,0.93,1.91,0.61,1.64,2.39,1.04,1.61,1.90,2.01,1.60,1.12,1.68,0.47,1.01,1.34,99.00,0.26,2.22,0.12,2.29,1.79,1.24,1.66,0.49,1.16,1.57,1.27,1.71,2.15,0.72,2.10,2.89,1.75,2.04,3.43,0.73,6.69,8.75,7.28,7.50,9.53,9.12,5.43,7.61,5.84,5.84,4.96,5.73,8.28,5.88,5.82,14.63,14.24,14.24,13.30,15.00,15.02,13.71,13.60,13.03,12.92,15.33,14.94,12.28,12.46,13.38,13.32,14.57,13.99,13.47,14.02,12.71,15.76,14.96,14.71,4.46,4.78,2.80,2.76,5.21,4.01,5.42,5.10,4.14],
  [2.81,12.45,13.03,23.00,30.36,9.24,21.15,21.03,18.75,21.02,21.02,20.00,20.77,19.85,20.60,11.82,11.71,11.60,9.77,8.01,8.23,10.12,8.85,11.24,10.96,7.99,10.71,9.18,9.44,9.64,9.72,12.21,7.91,8.76,9.56,10.46,8.25,21.41,26.33,26.52,29.34,29.83,26.06,24.31,26.60,23.63,30.38,29.74,29.81,35.57,36.72,33.65,34.15,30.91,35.47,27.44,23.43,21.82,22.50,24.51,26.23,23.86,21.99,26.85,25.00,24.31,25.73,23.43,23.44,26.67,24.08,26.04,22.57,21.96,24.95,23.98,21.63,25.54,25.17,27.20,28.02,24.58,25.66,25.09,23.22,23.32,22.33,24.29,23.52,24.68,21.82,22.50,1.11,1.19,1.65,0.81,1.86,2.54,0.79,1.75,1.64,1.75,1.79,1.10,1.87,0.38,1.21,1.59,0.26,99.00,2.46,0.38,2.46,1.55,0.98,1.40,0.35,0.98,1.33,1.07,1.48,2.34,0.46,1.85,3.08,1.49,2.30,3.59,0.69,6.88,8.95,7.45,7.71,9.74,9.30,5.59,7.79,6.04,6.04,5.10,5.92,8.47,6.04,5.97,14.90,14.50,14.50,13.54,15.24,15.27,13.96,13.84,13.30,13.18,15.59,15.20,12.53,12.71,13.63,13.58,14.83,14.24,13.72,14.27,12.96,16.02,15.20,14.96,4.66,4.95,3.06,3.02,5.38,4.27,5.63,5.30,4.32],
  [0.36,11.16,10.60,20.75,28.59,8.27,19.45,19.35,17.13,18.92,18.92,18.25,18.84,17.54,18.72,9.39,9.49,9.40,7.62,5.69,6.26,7.72,6.46,8.80,8.68,5.76,8.53,6.99,7.27,7.24,7.46,9.84,6.22,6.44,7.17,8.10,6.19,19.27,24.36,24.54,27.57,28.00,24.24,22.42,24.88,21.81,28.30,27.69,27.75,33.55,34.73,31.53,32.04,28.83,33.49,25.12,21.36,19.75,20.29,22.22,24.07,21.68,19.77,24.79,22.83,22.12,23.67,21.14,21.29,24.56,22.06,23.91,20.42,20.00,22.68,21.92,19.67,23.50,23.03,24.86,25.70,22.43,23.56,22.90,20.98,21.16,20.38,22.22,21.33,22.56,19.71,20.42,2.86,1.28,4.09,1.69,0.75,1.42,3.25,1.50,4.10,4.19,2.25,2.30,1.05,2.37,2.03,0.87,2.22,2.46,99.00,2.10,2.75,4.00,3.31,3.86,2.46,3.32,3.49,3.46,3.93,2.41,2.92,4.31,2.91,3.88,0.72,3.63,2.31,4.77,6.70,5.39,5.45,7.45,7.18,3.75,5.75,3.85,3.85,3.51,3.79,6.30,4.15,4.18,12.56,12.11,12.11,11.84,13.51,13.39,12.05,12.10,11.08,11.11,13.47,13.27,10.73,10.83,11.81,11.18,12.57,12.37,11.81,12.46,11.01,13.85,13.40,13.20,3.99,4.63,1.05,1.23,5.03,1.81,4.68,4.51,3.91],
  [2.46,12.14,12.66,22.62,30.01,9.17,20.80,20.69,18.41,20.65,20.65,19.65,20.40,19.47,20.24,11.45,11.33,11.21,9.38,7.63,7.85,9.73,8.47,10.86,10.57,7.61,10.33,8.79,9.06,9.26,9.33,11.83,7.56,8.37,9.18,10.08,7.87,21.03,25.96,26.15,28.99,29.47,25.71,23.95,26.25,23.28,30.00,29.37,29.44,35.20,36.35,33.28,33.77,30.54,35.11,27.06,23.05,21.45,22.12,24.13,25.85,23.48,21.61,26.48,24.62,23.93,25.36,23.05,23.06,26.29,23.71,25.67,22.19,21.59,24.57,23.61,21.26,25.17,24.79,26.82,27.64,24.20,25.28,24.71,22.83,22.94,21.97,23.92,23.14,24.30,21.44,22.12,1.11,0.82,2.03,0.53,1.54,2.32,1.16,1.56,2.02,2.13,1.53,1.15,1.60,0.54,0.93,1.23,0.12,0.38,2.10,99.00,2.23,1.90,1.35,1.78,0.58,1.25,1.68,1.37,1.82,2.07,0.84,2.22,2.81,1.87,1.91,3.37,0.78,6.61,8.65,7.19,7.41,9.44,9.03,5.35,7.53,5.75,5.75,4.90,5.64,8.19,5.80,5.75,14.51,14.12,14.12,13.19,14.89,14.91,13.59,13.49,12.91,12.81,15.21,14.83,12.17,12.34,13.27,13.20,14.45,13.88,13.36,13.91,12.59,15.64,14.84,14.60,4.37,4.71,2.67,2.64,5.14,3.90,5.33,5.01,4.06],
  [3.04,10.10,12.02,21.35,28.17,10.91,18.93,18.81,16.50,19.15,19.15,17.82,18.72,18.35,18.52,10.81,10.14,9.97,8.12,6.77,6.43,9.00,7.78,10.25,9.49,6.57,9.09,7.61,7.85,8.54,8.25,10.96,5.87,7.45,8.42,9.23,6.56,19.59,24.29,24.50,27.14,27.67,23.91,22.21,24.37,21.49,28.45,27.78,27.86,33.57,34.69,31.77,32.24,28.98,33.43,25.92,21.51,19.91,20.78,22.92,24.42,22.08,20.29,24.92,23.19,22.55,23.79,21.86,21.63,24.78,22.10,24.20,20.76,19.93,23.32,22.05,19.61,23.59,23.33,25.73,26.50,22.76,23.77,23.34,21.53,21.53,20.31,22.37,21.77,22.82,19.95,20.59,1.61,2.20,3.64,2.47,2.80,3.86,2.87,3.36,3.54,3.69,0.71,3.34,3.12,2.76,1.30,2.31,2.29,2.46,2.75,2.23,99.00,3.17,3.33,3.36,2.77,2.46,3.74,2.64,3.10,0.35,2.72,3.68,0.68,3.67,2.05,1.14,3.00,7.44,9.22,8.06,7.99,9.92,9.80,6.50,8.43,6.49,6.49,6.25,6.46,8.90,6.89,6.93,13.50,13.25,13.25,11.37,13.08,13.22,11.95,11.70,11.68,11.35,13.78,13.18,10.44,10.69,11.54,12.38,13.27,12.19,11.72,12.17,11.01,14.29,13.09,12.82,2.26,2.49,2.39,2.15,2.92,3.97,3.28,2.91,1.88],
  [4.35,13.23,14.52,24.32,31.34,10.32,22.09,21.97,19.67,22.24,22.24,20.99,21.87,21.23,21.67,13.31,13.05,12.91,11.06,9.43,9.45,11.57,10.31,12.73,12.32,9.36,12.02,10.50,10.76,11.10,11.08,13.65,9.00,10.16,11.01,11.89,9.52,22.65,27.44,27.65,30.31,30.84,27.08,25.37,27.54,24.66,31.56,30.90,30.98,36.71,37.84,34.87,35.35,32.10,36.58,28.82,24.61,23.02,23.79,25.86,27.48,25.13,23.29,28.03,26.25,25.58,26.91,24.79,24.69,27.87,25.23,27.28,23.82,23.08,26.28,25.17,22.75,26.71,26.40,28.60,29.40,25.83,26.87,26.37,24.52,24.58,23.45,25.48,24.80,25.91,23.04,23.69,1.59,2.72,0.61,2.36,3.41,4.02,0.80,3.21,0.45,0.60,2.71,2.33,3.40,1.77,2.34,3.13,1.79,1.55,4.00,1.90,3.17,99.00,1.12,0.45,1.67,0.76,1.43,0.58,0.08,3.22,1.13,0.52,3.85,0.87,3.75,4.13,2.00,8.38,10.48,8.95,9.24,11.28,10.80,7.04,9.27,7.57,7.57,6.51,7.44,9.98,7.50,7.41,16.30,15.94,15.94,14.53,16.24,16.36,15.08,14.86,14.62,14.41,16.83,16.32,13.59,13.82,14.69,15.03,16.18,15.34,14.85,15.33,14.12,17.30,16.25,15.98,5.41,5.49,4.49,4.40,5.89,5.79,6.44,6.05,4.99],
  [3.63,13.40,13.90,23.95,31.34,9.20,22.12,22.01,19.72,22.00,22.00,20.98,21.75,20.79,21.58,12.69,12.67,12.56,10.73,8.94,9.21,11.01,9.75,12.11,11.90,8.94,11.67,10.14,10.40,10.53,10.67,13.13,8.89,9.69,10.46,11.38,9.22,22.38,27.31,27.50,30.31,30.81,27.04,25.29,27.57,24.61,31.35,30.72,30.79,36.55,37.70,34.63,35.12,31.89,36.45,28.38,24.40,22.80,23.47,25.45,27.20,24.83,22.95,27.83,25.97,25.27,26.71,24.38,24.41,27.64,25.06,27.02,23.54,22.94,25.90,24.96,22.61,26.52,26.14,28.13,28.96,25.55,26.64,26.06,24.17,24.29,23.32,25.27,24.49,25.65,22.79,23.48,1.79,2.09,0.86,1.63,2.62,3.03,0.55,2.23,0.94,0.97,2.70,1.28,2.51,0.94,2.16,2.47,1.24,0.98,3.31,1.35,3.33,1.12,99.00,0.73,0.85,1.12,0.43,1.04,1.09,3.26,0.61,1.13,3.98,0.58,3.24,4.43,1.04,7.39,9.52,7.94,8.30,10.33,9.79,6.01,8.25,6.62,6.62,5.45,6.47,9.00,6.47,6.36,15.83,15.40,15.40,14.51,16.22,16.25,14.94,14.82,14.25,14.16,16.56,16.18,13.51,13.69,14.61,14.48,15.78,15.22,14.70,15.25,13.94,16.99,16.18,15.94,5.57,5.81,4.00,3.99,6.23,5.10,6.57,6.22,5.21],
  [4.20,13.45,14.44,24.35,31.51,9.89,22.27,22.16,19.86,22.32,22.32,21.16,21.99,21.23,21.81,13.22,13.07,12.94,11.10,9.40,9.52,11.51,10.25,12.64,12.32,9.36,12.05,10.52,10.79,11.03,11.08,13.61,9.12,10.14,10.96,11.85,9.57,22.72,27.56,27.76,30.49,31.00,27.24,25.51,27.72,24.81,31.66,31.01,31.08,36.83,37.96,34.95,35.44,32.19,36.71,28.82,24.71,23.10,23.84,25.87,27.55,25.18,23.33,28.13,26.31,25.63,27.01,24.80,24.75,27.96,25.34,27.35,23.88,23.20,26.31,25.26,22.87,26.81,26.48,28.58,29.40,25.89,26.95,26.42,24.56,24.64,23.57,25.57,24.85,25.98,23.12,23.78,1.75,2.59,0.28,2.18,3.22,3.73,0.62,2.93,0.24,0.36,2.83,2.00,3.16,1.53,2.38,2.99,1.66,1.40,3.86,1.78,3.36,0.45,0.73,99.00,1.43,0.91,0.99,0.73,0.44,3.37,0.94,0.45,4.04,0.43,3.69,4.38,1.71,8.10,10.22,8.65,8.99,11.02,10.51,6.73,8.97,7.31,7.31,6.18,7.17,9.70,7.20,7.09,16.28,15.89,15.89,14.69,16.40,16.49,15.20,15.02,14.64,14.48,16.90,16.43,13.73,13.94,14.83,14.98,16.19,15.46,14.96,15.47,14.22,17.35,16.39,16.14,5.62,5.75,4.44,4.39,6.16,5.66,6.64,6.26,5.22],
  [2.79,12.72,13.05,23.11,30.58,8.93,21.37,21.26,18.98,21.17,21.17,20.22,20.95,19.94,20.80,11.85,11.83,11.71,9.90,8.09,8.39,10.16,8.90,11.26,11.05,8.10,10.83,9.29,9.57,9.68,9.82,12.27,8.12,8.84,9.61,10.52,8.40,21.55,26.51,26.70,29.55,30.04,26.27,24.50,26.82,23.84,30.53,29.90,29.97,35.74,36.90,33.80,34.30,31.07,35.65,27.53,23.59,21.98,22.63,24.61,26.37,23.99,22.11,27.01,25.13,24.43,25.89,23.53,23.58,26.82,24.25,26.19,22.71,22.14,25.05,24.14,21.81,25.71,25.31,27.28,28.11,24.72,25.81,25.22,23.33,23.46,22.52,24.45,23.65,24.83,21.97,22.65,1.46,1.24,1.64,0.77,1.79,2.35,0.88,1.53,1.68,1.75,2.09,0.77,1.73,0.09,1.50,1.62,0.49,0.35,2.46,0.58,2.77,1.67,0.85,1.43,99.00,1.23,1.12,1.28,1.61,2.63,0.56,1.88,3.38,1.42,2.40,3.91,0.37,6.71,8.80,7.27,7.57,9.61,9.13,5.38,7.60,5.90,5.90,4.87,5.76,8.31,5.84,5.76,14.97,14.55,14.55,13.76,15.46,15.46,14.14,14.05,13.41,13.33,15.73,15.38,12.73,12.90,13.83,13.63,14.94,14.43,13.90,14.47,13.14,16.15,15.41,15.17,4.94,5.27,3.16,3.15,5.69,4.26,5.90,5.58,4.62],
  [3.68,12.55,13.79,23.56,30.62,10.13,21.38,21.26,18.96,21.48,21.48,20.27,21.12,20.47,20.94,12.57,12.29,12.15,10.30,8.68,8.69,10.83,9.57,11.99,11.57,8.60,11.26,9.74,10.00,10.36,10.32,12.90,8.25,9.41,10.27,11.14,8.76,21.89,26.69,26.90,29.59,30.11,26.35,24.64,26.82,23.93,30.81,30.15,30.23,35.97,37.09,34.11,34.59,31.34,35.84,28.06,23.86,22.26,23.03,25.10,26.72,24.37,22.53,27.28,25.49,24.82,26.16,24.03,23.93,27.12,24.48,26.52,23.06,22.33,25.52,24.41,22.00,25.96,25.65,27.84,28.64,25.07,26.11,25.61,23.76,23.82,22.70,24.72,24.04,25.15,22.28,22.94,0.85,2.05,1.18,1.76,2.79,3.52,0.57,2.72,1.08,1.23,1.96,1.99,2.84,1.30,1.58,2.45,1.16,0.98,3.32,1.25,2.46,0.76,1.12,0.91,1.23,99.00,1.55,0.19,0.69,2.48,0.71,1.24,3.14,1.25,3.02,3.48,1.60,7.85,9.90,8.43,8.66,10.69,10.27,6.56,8.76,7.00,7.00,6.08,6.89,9.44,7.02,6.95,15.54,15.19,15.19,13.81,15.52,15.62,14.34,14.13,13.86,13.65,16.07,15.57,12.85,13.08,13.95,14.29,15.42,14.59,14.10,14.59,13.37,16.54,15.51,15.25,4.72,4.85,3.75,3.65,5.26,5.10,5.74,5.36,4.31],
  [3.80,13.79,14.06,24.20,31.69,8.91,22.48,22.37,20.08,22.29,22.29,21.33,22.07,21.02,21.92,12.86,12.92,12.82,11.01,9.17,9.51,11.21,9.94,12.27,12.14,9.19,11.94,10.40,10.67,10.73,10.91,13.33,9.23,9.92,10.66,11.59,9.51,22.66,27.63,27.82,30.67,31.15,27.38,25.62,27.93,24.95,31.65,31.02,31.09,36.86,38.02,34.92,35.41,32.19,36.77,28.60,24.70,23.10,23.73,25.69,27.48,25.10,23.21,28.13,26.24,25.54,27.01,24.61,24.69,27.93,25.37,27.30,23.82,23.26,26.15,25.26,22.93,26.83,26.42,28.34,29.18,25.83,26.93,26.32,24.43,24.57,23.64,25.57,24.75,25.94,23.08,23.77,2.22,2.34,0.99,1.85,2.77,3.04,0.98,2.27,1.13,1.10,3.10,1.29,2.61,1.19,2.54,2.69,1.57,1.33,3.49,1.68,3.74,1.43,0.43,0.99,1.12,1.55,99.00,1.45,1.41,3.66,1.03,1.28,4.39,0.65,3.50,4.85,1.18,7.35,9.50,7.88,8.29,10.32,9.73,5.94,8.18,6.62,6.62,5.34,6.46,8.96,6.40,6.27,16.04,15.60,15.60,14.87,16.57,16.58,15.26,15.17,14.51,14.45,16.84,16.50,13.84,14.02,14.94,14.67,16.03,15.55,15.03,15.59,14.26,17.26,16.52,16.28,5.98,6.23,4.26,4.27,6.65,5.27,6.96,6.62,5.62],
  [3.82,12.73,13.95,23.74,30.80,10.13,21.56,21.45,19.14,21.67,21.67,20.45,21.31,20.65,21.12,12.74,12.47,12.33,10.48,8.85,8.88,11.00,9.74,12.16,11.74,8.78,11.44,9.92,10.18,10.53,10.50,13.07,8.44,9.58,10.44,11.32,8.94,22.08,26.88,27.09,29.78,30.30,26.53,24.82,27.01,24.11,30.99,30.34,30.42,36.15,37.28,34.30,34.78,31.53,36.02,28.24,24.05,22.45,23.22,25.28,26.91,24.55,22.72,27.47,25.68,25.01,26.34,24.21,24.11,27.30,24.67,26.70,23.24,22.52,25.70,24.60,22.19,26.15,25.83,28.02,28.82,25.25,26.30,25.79,23.95,24.01,22.89,24.91,24.22,25.33,22.47,23.13,1.03,2.18,1.00,1.87,2.91,3.60,0.50,2.80,0.90,1.05,2.14,2.01,2.94,1.36,1.76,2.59,1.27,1.07,3.46,1.37,2.64,0.58,1.04,0.73,1.28,0.19,1.45,99.00,0.50,2.66,0.73,1.05,3.32,1.10,3.18,3.65,1.64,7.94,10.01,8.52,8.77,10.81,10.37,6.64,8.85,7.11,7.11,6.14,6.99,9.54,7.10,7.03,15.72,15.36,15.36,13.99,15.70,15.81,14.52,14.32,14.04,13.84,16.26,15.76,13.04,13.26,14.14,14.46,15.60,14.78,14.29,14.78,13.55,16.73,15.70,15.44,4.90,5.02,3.92,3.83,5.43,5.25,5.92,5.54,4.49],
  [4.28,13.17,14.45,24.25,31.27,10.28,22.03,21.91,19.60,22.16,22.16,20.92,21.80,21.15,21.61,13.23,12.97,12.84,10.99,9.35,9.38,11.50,10.24,12.65,12.25,9.28,11.95,10.43,10.69,11.02,11.00,13.57,8.93,10.09,10.93,11.82,9.45,22.58,27.37,27.58,30.25,30.77,27.01,25.30,27.47,24.59,31.49,30.83,30.91,36.64,37.77,34.80,35.28,32.03,36.51,28.74,24.54,22.94,23.72,25.78,27.41,25.05,23.22,27.96,26.18,25.51,26.84,24.71,24.61,27.80,25.16,27.20,23.74,23.01,26.21,25.10,22.68,26.64,26.33,28.52,29.32,25.75,26.80,26.30,24.45,24.51,23.38,25.40,24.73,25.83,22.97,23.62,1.52,2.64,0.64,2.29,3.34,3.95,0.73,3.14,0.48,0.63,2.64,2.27,3.33,1.70,2.26,3.05,1.71,1.48,3.93,1.82,3.10,0.08,1.09,0.44,1.61,0.69,1.41,0.50,99.00,3.15,1.06,0.58,3.79,0.87,3.67,4.08,1.94,8.32,10.41,8.88,9.17,11.21,10.74,6.98,9.21,7.50,7.50,6.45,7.37,9.92,7.44,7.35,16.22,15.86,15.86,14.47,16.18,16.29,15.01,14.80,14.54,14.34,16.76,16.25,13.53,13.75,14.62,14.96,16.11,15.27,14.78,15.26,14.05,17.23,16.18,15.92,5.35,5.43,4.41,4.33,5.84,5.72,6.37,5.99,4.93],
  [2.70,10.14,11.77,21.20,28.15,10.60,18.91,18.79,16.50,19.04,19.04,17.79,18.65,18.17,18.46,10.55,9.96,9.80,7.95,6.53,6.28,8.75,7.52,9.99,9.29,6.35,8.92,7.43,7.67,8.29,8.05,10.74,5.78,7.23,8.17,8.99,6.39,19.47,24.22,24.43,27.12,27.64,23.87,22.16,24.36,21.45,28.35,27.69,27.77,33.50,34.62,31.67,32.15,28.89,33.36,25.75,21.41,19.81,20.64,22.76,24.30,21.95,20.15,24.83,23.07,22.41,23.70,21.70,21.50,24.67,22.02,24.08,20.63,19.86,23.16,21.96,19.53,23.50,23.22,25.55,26.33,22.64,23.67,23.20,21.38,21.40,20.23,22.27,21.63,22.71,19.84,20.49,1.63,1.93,3.65,2.25,2.49,3.55,2.83,3.09,3.56,3.70,0.56,3.15,2.82,2.61,1.14,2.01,2.15,2.34,2.41,2.07,0.35,3.22,3.26,3.37,2.63,2.48,3.66,2.66,3.15,99.00,2.65,3.71,0.74,3.64,1.70,1.36,2.83,7.09,8.88,7.72,7.64,9.58,9.45,6.15,8.08,6.14,6.14,5.91,6.12,8.55,6.54,6.58,13.30,13.02,13.02,11.33,13.04,13.15,11.87,11.65,11.51,11.23,13.65,13.10,10.38,10.61,11.48,12.15,13.10,12.12,11.64,12.11,10.91,14.15,13.03,12.77,2.32,2.65,2.05,1.82,3.08,3.64,3.31,2.96,1.99],
  [3.26,12.79,13.49,23.45,30.75,9.42,21.52,21.41,19.12,21.45,21.45,20.39,21.18,20.31,21.01,12.28,12.16,12.04,10.21,8.47,8.65,10.57,9.31,11.70,11.41,8.44,11.15,9.62,9.89,10.10,10.17,12.67,8.31,9.21,10.02,10.92,8.69,21.84,26.74,26.94,29.72,30.22,26.45,24.71,26.97,24.03,30.80,30.16,30.23,35.99,37.14,34.08,34.58,31.34,35.88,27.89,23.85,22.25,22.95,24.96,26.67,24.30,22.44,27.28,25.43,24.75,26.15,23.88,23.87,27.09,24.50,26.48,23.00,22.37,25.40,24.41,22.04,25.97,25.60,27.66,28.47,25.02,26.09,25.53,23.66,23.76,22.75,24.71,23.96,25.11,22.25,22.92,1.20,1.64,1.19,1.25,2.29,2.90,0.34,2.09,1.19,1.29,2.09,1.28,2.27,0.64,1.56,2.05,0.72,0.46,2.92,0.84,2.72,1.13,0.61,0.94,0.56,0.71,1.03,0.73,1.06,2.65,99.00,1.39,3.37,1.05,2.75,3.83,0.91,7.26,9.35,7.83,8.11,10.15,9.68,5.94,8.16,6.44,6.44,5.43,6.31,8.86,6.40,6.31,15.35,14.96,14.96,13.92,15.63,15.68,14.37,14.23,13.74,13.61,16.02,15.61,12.93,13.12,14.03,14.04,15.28,14.65,14.13,14.67,13.38,16.46,15.60,15.35,4.96,5.20,3.51,3.47,5.62,4.72,5.96,5.61,4.60],
  [4.65,13.75,14.88,24.77,31.85,10.18,22.61,22.49,20.18,22.71,22.71,21.50,22.36,21.65,22.17,13.67,13.48,13.35,11.51,9.83,9.91,11.95,10.69,13.08,12.75,9.78,12.46,10.94,11.20,11.47,11.50,14.04,9.49,10.57,11.39,12.29,9.97,23.12,27.93,28.14,30.82,31.35,27.58,25.87,28.05,25.16,32.04,31.39,31.47,37.20,38.33,35.34,35.83,32.58,37.07,29.24,25.09,23.49,24.25,26.29,27.95,25.58,23.74,28.51,26.71,26.04,27.39,25.22,25.15,28.35,25.71,27.74,24.28,23.57,26.72,25.65,23.24,27.20,26.87,29.01,29.82,26.29,27.34,26.83,24.97,25.04,23.94,25.95,25.25,26.38,23.51,24.17,2.08,3.03,0.29,2.63,3.67,4.16,1.06,3.36,0.20,0.19,3.19,2.41,3.60,1.97,2.78,3.44,2.10,1.85,4.31,2.22,3.68,0.52,1.13,0.45,1.88,1.24,1.28,1.05,0.58,3.71,1.39,99.00,4.36,0.64,4.12,4.66,2.15,8.52,10.65,9.07,9.42,11.46,10.93,7.14,9.39,7.75,7.75,6.58,7.60,10.13,7.61,7.49,16.71,16.33,16.33,15.04,16.75,16.86,15.57,15.36,15.06,14.88,17.29,16.81,14.09,14.31,15.19,15.42,16.61,15.83,15.34,15.82,14.60,17.76,16.75,16.49,5.93,6.01,4.87,4.81,6.41,6.11,6.95,6.57,5.51],
  [3.14,9.42,11.53,20.72,27.49,11.17,18.24,18.13,15.82,18.49,18.49,17.14,18.04,17.75,17.84,10.33,9.54,9.37,7.51,6.27,5.80,8.50,7.30,9.78,8.91,6.02,8.48,7.03,7.26,8.06,7.68,10.43,5.20,6.93,7.92,8.70,5.95,18.94,23.61,23.83,26.46,26.99,23.23,21.53,23.69,20.81,27.78,27.11,27.20,32.90,34.01,31.11,31.58,28.32,32.75,25.31,20.84,19.25,20.14,22.30,23.77,21.44,19.65,24.25,22.54,21.90,23.13,21.25,20.97,24.12,21.43,23.54,20.10,19.26,22.69,21.39,18.93,22.93,22.68,25.13,25.89,22.11,23.11,22.69,20.90,20.88,19.63,21.70,21.12,22.17,19.30,19.93,2.29,2.64,4.32,2.98,3.12,4.16,3.54,3.77,4.22,4.37,1.29,3.88,3.47,3.35,1.88,2.66,2.89,3.08,2.91,2.81,0.68,3.85,3.98,4.04,3.38,3.14,4.39,3.32,3.79,0.74,3.37,4.36,99.00,4.34,2.18,0.72,3.57,7.41,9.08,8.04,7.87,9.75,9.72,6.59,8.41,6.45,6.45,6.41,6.46,8.81,6.95,7.02,12.92,12.70,12.70,10.69,12.40,12.54,11.28,11.02,11.07,10.71,13.14,12.51,9.77,10.02,10.86,11.85,12.67,11.52,11.05,11.49,10.35,13.66,12.41,12.14,1.59,1.92,2.30,2.03,2.34,3.83,2.60,2.24,1.25],
  [4.21,13.76,14.47,24.49,31.77,9.55,22.54,22.43,20.13,22.50,22.50,21.41,22.22,21.34,22.05,13.27,13.20,13.08,11.25,9.49,9.71,11.58,10.31,12.68,12.44,9.48,12.20,10.66,10.93,11.10,11.21,13.69,9.35,10.24,11.03,11.94,9.74,22.89,27.78,27.98,30.75,31.25,27.49,25.75,27.99,25.06,31.85,31.21,31.28,37.04,38.18,35.13,35.63,32.39,36.93,28.93,24.90,23.30,23.99,26.00,27.72,25.35,23.48,28.33,26.48,25.79,27.20,24.92,24.92,28.14,25.54,27.53,24.05,23.42,26.44,25.46,23.09,27.01,26.65,28.68,29.51,26.07,27.14,26.58,24.70,24.81,23.79,25.76,25.01,26.16,23.30,23.97,2.06,2.64,0.35,2.19,3.19,3.59,0.81,2.80,0.49,0.45,3.09,1.83,3.09,1.51,2.60,3.03,1.75,1.49,3.88,1.87,3.67,0.87,0.58,0.43,1.42,1.25,0.65,1.10,0.87,3.64,1.05,0.64,4.34,99.00,3.78,4.72,1.62,7.94,10.08,8.48,8.86,10.89,10.33,6.54,8.79,7.18,7.18,5.96,7.03,9.55,7.01,6.89,16.38,15.97,15.97,14.95,16.66,16.72,15.42,15.26,14.79,14.66,17.07,16.65,13.96,14.16,15.06,15.04,16.32,15.69,15.18,15.70,14.43,17.51,16.63,16.38,5.93,6.10,4.54,4.51,6.51,5.68,6.94,6.57,5.54],
  [0.99,10.69,10.77,20.71,28.30,8.99,19.13,19.02,16.77,18.79,18.79,17.95,18.61,17.56,18.48,9.56,9.43,9.32,7.50,5.72,6.03,7.83,6.57,8.98,8.66,5.70,8.44,6.90,7.17,7.35,7.42,9.92,5.86,6.46,7.27,8.17,6.01,19.16,24.16,24.35,27.28,27.74,23.97,22.18,24.57,21.54,28.15,27.53,27.59,33.38,34.54,31.41,31.91,28.69,33.30,25.14,21.21,19.60,20.23,22.22,23.97,21.59,19.72,24.63,22.74,22.04,23.52,21.14,21.18,24.43,21.88,23.80,20.31,19.79,22.66,21.77,19.46,23.33,22.92,24.91,25.72,22.33,23.43,22.82,20.93,21.06,20.17,22.07,21.25,22.44,19.58,20.27,2.41,1.17,3.94,1.65,1.12,2.06,3.06,1.90,3.93,4.04,1.62,2.47,1.49,2.32,1.54,0.86,2.04,2.30,0.72,1.91,2.05,3.75,3.24,3.69,2.40,3.02,3.50,3.18,3.67,1.70,2.75,4.12,2.18,3.78,99.00,2.91,2.35,5.41,7.26,6.03,6.02,8.00,7.79,4.45,6.40,4.47,4.47,4.23,4.43,6.90,4.84,4.88,12.60,12.21,12.21,11.51,13.19,13.14,11.81,11.79,11.01,10.95,13.34,13.04,10.43,10.57,11.53,11.29,12.54,12.11,11.57,12.17,10.78,13.76,13.11,12.89,3.32,3.94,0.76,0.78,4.34,2.14,4.08,3.87,3.21],
  [3.86,9.10,11.88,20.79,27.26,11.89,18.02,17.89,15.57,18.47,18.47,16.94,17.92,17.88,17.70,10.68,9.70,9.51,7.67,6.62,5.92,8.85,7.68,10.15,9.12,6.31,8.64,7.23,7.44,8.42,7.92,10.70,5.19,7.24,8.27,9.00,6.12,18.93,23.49,23.71,26.24,26.79,23.03,21.38,23.45,20.63,27.71,27.02,27.12,32.79,33.88,31.06,31.52,28.25,32.62,25.42,20.78,19.20,20.18,22.39,23.76,21.45,19.70,24.18,22.54,21.92,23.06,21.35,20.97,24.07,21.34,23.51,20.10,19.15,22.76,21.33,18.83,22.85,22.66,25.27,26.00,22.10,23.07,22.71,20.95,20.89,19.52,21.64,21.15,22.14,19.27,19.88,2.67,3.30,4.66,3.61,3.82,4.87,3.94,4.45,4.54,4.69,1.85,4.48,4.16,3.90,2.45,3.35,3.43,3.59,3.63,3.37,1.14,4.13,4.43,4.38,3.91,3.48,4.85,3.65,4.08,1.36,3.83,4.66,0.72,4.72,2.91,99.00,4.15,8.10,9.73,8.73,8.53,10.37,10.38,7.30,9.10,7.14,7.14,7.13,7.15,9.48,7.66,7.74,13.12,12.96,12.96,10.52,12.22,12.44,11.21,10.86,11.20,10.74,13.16,12.43,9.66,9.95,10.75,12.13,12.81,11.43,10.99,11.37,10.32,13.72,12.27,11.98,1.36,1.37,3.00,2.72,1.80,4.50,2.38,1.96,0.89],
  [2.62,12.84,12.89,23.03,30.62,8.56,21.43,21.32,19.05,21.14,21.14,20.26,20.96,19.84,20.82,11.68,11.75,11.65,9.85,7.99,8.38,10.02,8.76,11.10,10.97,8.02,10.77,9.23,9.51,9.54,9.74,12.15,8.16,8.74,9.48,10.40,8.37,21.51,26.51,26.70,29.60,30.07,26.30,24.52,26.87,23.87,30.50,29.88,29.95,35.73,36.90,33.76,34.26,31.04,35.65,27.42,23.56,21.95,22.56,24.51,26.32,23.93,22.04,26.99,25.08,24.38,25.87,23.43,23.53,26.78,24.23,26.15,22.66,22.14,24.97,24.12,21.81,25.69,25.26,27.16,28.00,24.67,25.78,25.16,23.26,23.40,22.52,24.42,23.59,24.79,21.93,22.63,1.80,1.19,1.89,0.71,1.59,2.02,1.21,1.21,1.95,2.00,2.30,0.41,1.47,0.31,1.70,1.52,0.73,0.69,2.31,0.78,3.00,2.00,1.04,1.71,0.37,1.60,1.18,1.64,1.94,2.83,0.91,2.15,3.57,1.62,2.35,4.15,99.00,6.39,8.50,6.95,7.27,9.31,8.80,5.04,7.27,5.60,5.60,4.52,5.46,7.99,5.51,5.41,14.86,14.42,14.42,13.81,15.50,15.48,14.15,14.10,13.34,13.31,15.69,15.39,12.76,12.91,13.86,13.49,14.85,14.45,13.91,14.50,13.13,16.10,15.44,15.21,5.11,5.48,3.10,3.13,5.91,4.09,6.05,5.74,4.82],
  [4.44,12.99,8.16,19.09,28.50,5.23,19.81,19.76,17.78,18.01,18.01,18.51,18.54,15.66,18.58,7.16,8.76,8.84,7.64,5.41,7.28,6.20,5.31,6.63,7.86,5.96,8.20,7.00,7.25,5.82,7.01,8.14,8.00,5.93,5.90,6.78,6.93,18.19,23.76,23.88,27.49,27.76,24.10,22.12,25.03,21.72,27.20,26.72,26.73,32.59,33.87,30.22,30.78,27.72,32.68,22.98,20.49,18.91,18.87,20.34,22.74,20.34,18.31,23.81,21.53,20.72,22.76,19.25,20.07,23.45,21.34,22.70,19.25,19.55,20.90,21.05,19.23,22.62,21.81,22.59,23.54,21.18,22.49,21.45,19.41,19.89,19.93,21.31,19.93,21.42,18.74,19.55,7.56,5.88,8.25,6.09,5.09,4.37,7.58,5.18,8.33,8.36,7.02,6.12,5.01,6.62,6.78,5.52,6.69,6.88,4.77,6.61,7.44,8.38,7.39,8.10,6.71,7.85,7.35,7.94,8.32,7.09,7.26,8.52,7.41,7.94,5.41,8.10,6.39,99.00,2.18,0.62,1.12,3.01,2.43,1.50,1.00,0.96,0.96,2.21,0.98,1.61,1.08,1.35,10.83,10.06,10.06,12.69,14.12,13.57,12.24,12.80,10.17,10.85,12.80,13.32,11.41,11.25,12.33,9.12,11.28,12.65,12.01,12.93,11.16,12.91,13.82,13.73,7.93,8.72,5.11,5.38,9.02,3.64,8.15,8.20,8.06],
  [6.34,13.15,6.62,17.56,27.49,6.07,19.10,19.07,17.24,16.79,16.79,17.78,17.58,14.10,17.67,5.82,8.02,8.17,7.39,5.44,7.55,5.39,4.90,5.39,7.17,6.08,7.71,6.84,7.04,5.13,6.62,6.98,8.50,5.72,5.29,5.98,7.12,16.90,22.59,22.68,26.50,26.69,23.12,21.09,24.15,20.78,25.81,25.37,25.36,31.21,32.52,28.73,29.31,26.32,31.35,21.24,19.25,17.71,17.43,18.72,21.29,18.92,16.87,22.49,20.10,19.26,21.47,17.64,18.70,22.08,20.14,21.30,17.91,18.50,19.30,19.80,18.18,21.36,20.42,20.82,21.80,19.78,21.14,19.97,17.91,18.50,18.86,20.05,18.49,20.07,17.49,18.32,9.55,7.89,10.38,8.14,7.12,6.49,9.68,7.29,10.45,10.49,8.88,8.25,7.08,8.71,8.73,7.51,8.75,8.95,6.70,8.65,9.22,10.48,9.52,10.22,8.80,9.90,9.50,10.01,10.41,8.88,9.35,10.65,9.08,10.08,7.26,9.73,8.50,2.18,99.00,1.78,1.25,0.84,0.98,3.67,1.64,2.91,2.91,4.36,3.05,0.70,3.23,3.46,9.48,8.60,8.60,12.41,13.67,12.95,11.68,12.45,9.23,10.17,11.83,12.66,11.13,10.86,11.92,7.70,10.10,12.12,11.47,12.47,10.66,11.81,13.30,13.27,9.31,10.13,6.83,7.08,10.36,5.26,9.33,9.47,9.53],
  [5.05,13.43,8.11,19.07,28.66,4.93,20.05,20.00,18.06,18.10,18.10,18.75,18.71,15.62,18.76,7.17,8.97,9.06,7.97,5.77,7.72,6.36,5.56,6.67,8.07,6.35,8.46,7.33,7.58,6.01,7.29,8.22,8.48,6.25,6.11,6.95,7.34,18.25,23.87,23.98,27.65,27.90,24.27,22.27,25.22,21.89,27.23,26.77,26.77,32.63,33.92,30.21,30.78,27.75,32.73,22.87,20.57,19.01,18.88,20.28,22.75,20.36,18.32,23.87,21.54,20.72,22.83,19.19,20.10,23.49,21.43,22.73,19.29,19.69,20.85,21.13,19.37,22.70,21.84,22.47,23.43,21.21,22.53,21.45,19.40,19.91,20.06,21.38,19.94,21.46,18.82,19.63,8.16,6.48,8.79,6.67,5.69,4.93,8.15,5.74,8.88,8.91,7.63,6.66,5.59,7.18,7.39,6.12,7.28,7.45,5.39,7.19,8.06,8.95,7.94,8.65,7.27,8.43,7.88,8.52,8.88,7.72,7.83,9.07,8.04,8.48,6.03,8.73,6.95,0.62,1.78,99.00,1.07,2.61,1.85,1.95,0.37,1.58,1.58,2.62,1.60,1.12,1.50,1.69,10.86,10.05,10.05,13.02,14.42,13.82,12.50,13.12,10.32,11.08,12.95,13.56,11.75,11.56,12.64,9.11,11.37,12.93,12.28,13.23,11.44,13.02,14.10,14.03,8.54,9.33,5.74,6.01,9.63,4.26,8.74,8.80,8.68],
  [5.09,12.55,7.08,18.03,27.59,5.97,19.01,18.96,17.04,17.03,17.03,17.70,17.64,14.59,17.70,6.12,7.91,8.02,6.98,4.84,6.86,5.30,4.54,5.61,7.02,5.45,7.44,6.37,6.60,4.95,6.28,7.15,7.70,5.26,5.07,5.89,6.46,17.19,22.80,22.91,26.59,26.83,23.20,21.20,24.16,20.83,26.18,25.71,25.71,31.57,32.86,29.17,29.74,26.69,31.67,21.87,19.50,17.94,17.83,19.26,21.70,19.31,17.27,22.80,20.49,19.67,21.76,18.17,19.05,22.43,20.37,21.67,18.23,18.63,19.82,20.06,18.30,21.63,20.79,21.48,22.44,20.15,21.47,20.40,18.35,18.86,19.00,20.32,18.89,20.40,17.75,18.56,8.30,6.64,9.15,6.90,5.87,5.27,8.44,6.06,9.22,9.27,7.64,7.03,5.84,7.48,7.48,6.26,7.50,7.71,5.45,7.41,7.99,9.24,8.30,8.99,7.57,8.66,8.29,8.77,9.17,7.64,8.11,9.42,7.87,8.86,6.02,8.53,7.27,1.12,1.25,1.07,99.00,2.04,1.89,2.58,1.23,1.68,1.68,3.30,1.84,0.99,2.19,2.47,9.80,9.00,9.00,12.04,13.41,12.79,11.48,12.13,9.26,10.03,11.88,12.52,10.76,10.56,11.63,8.06,10.30,11.90,11.25,12.21,10.42,11.95,13.08,13.01,8.17,8.98,5.60,5.86,9.24,4.04,8.26,8.37,8.37],
  [7.10,13.25,6.09,16.97,27.08,6.60,18.83,18.80,17.05,16.33,16.33,17.51,17.21,13.51,17.33,5.40,7.82,8.00,7.41,5.62,7.75,5.22,4.93,5.02,7.00,6.28,7.62,6.90,7.08,5.03,6.59,6.61,8.77,5.79,5.21,5.80,7.31,16.40,22.13,22.21,26.10,26.26,22.73,20.69,23.80,20.42,25.25,24.84,24.82,30.66,31.97,28.13,28.72,25.76,30.82,20.56,18.76,17.25,16.87,18.09,20.72,18.37,16.31,21.97,19.55,18.70,20.97,17.01,18.16,21.54,19.68,20.75,17.39,18.10,18.68,19.32,17.78,20.86,19.88,20.12,21.11,19.23,20.61,19.39,17.33,17.96,18.46,19.55,17.93,19.54,17.01,17.84,10.31,8.67,11.19,8.93,7.90,7.30,10.48,8.10,11.26,11.30,9.61,9.06,7.88,9.51,9.48,8.28,9.53,9.74,7.45,9.44,9.92,11.28,10.33,11.02,9.61,10.69,10.32,10.81,11.21,9.58,10.15,11.46,9.75,10.89,8.00,10.37,9.31,3.01,0.84,2.61,2.04,99.00,1.30,4.50,2.44,3.71,3.71,5.20,3.87,1.50,4.07,4.29,9.00,8.07,8.07,12.34,13.53,12.74,11.51,12.36,8.93,9.96,11.49,12.43,11.07,10.77,11.81,7.21,9.69,11.96,11.31,12.34,10.51,11.42,13.13,13.12,9.88,10.70,7.52,7.77,10.91,5.94,9.83,10.00,10.13],
  [6.83,14.13,7.39,18.27,28.35,5.30,20.03,20.00,18.20,17.62,17.62,18.71,18.46,14.81,18.57,6.66,8.97,9.13,8.37,6.40,8.50,6.34,5.87,6.27,8.12,7.05,8.68,7.81,8.02,6.10,7.59,7.86,9.43,6.69,6.26,6.93,8.08,17.70,23.42,23.50,27.36,27.54,23.99,21.96,25.04,21.67,26.55,26.14,26.12,31.96,33.28,29.43,30.02,27.06,32.12,21.83,20.06,18.54,18.17,19.38,22.02,19.67,17.62,23.27,20.85,20.00,22.26,18.30,19.46,22.84,20.97,22.05,18.69,19.37,19.98,20.61,19.05,22.15,21.18,21.38,22.38,20.54,21.91,20.70,18.63,19.26,19.73,20.85,19.23,20.84,18.30,19.13,9.99,8.31,10.65,8.51,7.52,6.78,10.00,7.59,10.73,10.76,9.41,8.52,7.44,9.04,9.20,7.94,9.12,9.30,7.18,9.03,9.80,10.80,9.79,10.51,9.13,10.27,9.73,10.37,10.74,9.45,9.68,10.93,9.72,10.33,7.79,10.38,8.80,2.43,0.98,1.85,1.89,1.30,99.00,3.80,1.55,3.33,3.33,4.43,3.40,0.91,3.33,3.49,10.29,9.37,9.37,13.38,14.64,13.90,12.64,13.42,10.14,11.11,12.72,13.60,12.11,11.83,12.89,8.50,10.96,13.08,12.43,13.44,11.62,12.68,14.26,14.23,10.06,10.87,7.43,7.69,11.13,5.89,10.14,10.25,10.25],
  [3.46,13.26,9.45,20.31,29.41,4.97,20.57,20.50,18.44,19.07,19.07,19.29,19.46,16.91,19.46,8.39,9.66,9.70,8.31,6.03,7.63,7.22,6.18,7.83,8.76,6.48,8.98,7.64,7.91,6.79,7.78,9.27,8.16,6.66,6.85,7.77,7.35,19.29,24.78,24.91,28.39,28.70,25.01,23.06,25.86,22.60,28.33,27.82,27.84,33.71,34.96,31.40,31.96,28.86,33.76,24.30,21.55,19.96,20.04,21.61,23.91,21.51,19.49,24.91,22.69,21.89,23.84,20.52,21.21,24.57,22.37,23.85,20.37,20.51,22.15,22.12,20.18,23.70,22.96,23.93,24.87,22.33,23.60,22.64,20.62,21.03,20.89,22.39,21.11,22.55,19.82,20.61,6.38,4.69,6.86,4.82,3.91,3.04,6.25,3.85,6.95,6.98,5.98,4.74,3.76,5.29,5.67,4.37,5.43,5.59,3.75,5.35,6.50,7.04,6.01,6.73,5.38,6.56,5.94,6.64,6.98,6.15,5.94,7.14,6.59,6.54,4.45,7.30,5.04,1.50,3.67,1.95,2.58,4.50,3.80,99.00,2.25,1.23,1.23,0.72,0.97,3.06,0.46,0.43,12.01,11.30,11.30,13.24,14.76,14.32,12.97,13.40,11.15,11.68,13.76,14.11,11.99,11.90,12.98,10.34,12.37,13.37,12.73,13.60,11.89,13.93,14.51,14.39,7.36,8.11,4.34,4.61,8.46,3.15,7.77,7.74,7.41],
  [5.42,13.72,8.13,19.10,28.79,4.75,20.23,20.18,18.27,18.19,18.19,18.92,18.85,15.64,18.91,7.24,9.13,9.24,8.20,6.03,8.01,6.51,5.77,6.75,8.24,6.62,8.67,7.58,7.82,6.18,7.50,8.31,8.80,6.48,6.29,7.11,7.63,18.33,23.97,24.07,27.79,28.02,24.40,22.40,25.38,22.04,27.29,26.83,26.83,32.69,33.98,30.25,30.82,27.80,32.81,22.84,20.66,19.10,18.92,20.29,22.79,20.41,18.37,23.94,21.59,20.77,22.90,19.20,20.17,23.55,21.53,22.78,19.36,19.82,20.86,21.22,19.49,22.78,21.90,22.43,23.40,21.26,22.60,21.49,19.43,19.97,20.18,21.47,19.99,21.53,18.90,19.72,8.51,6.83,9.11,7.01,6.04,5.26,8.48,6.07,9.19,9.22,8.00,6.98,5.93,7.51,7.75,6.47,7.61,7.79,5.75,7.53,8.43,9.27,8.25,8.97,7.60,8.76,8.18,8.85,9.21,8.08,8.16,9.39,8.41,8.79,6.40,9.10,7.27,1.00,1.64,0.37,1.23,2.44,1.55,2.25,99.00,1.95,1.95,2.89,1.97,0.94,1.78,1.94,10.92,10.09,10.09,13.26,14.63,14.01,12.70,13.35,10.46,11.26,13.09,13.75,11.98,11.78,12.86,9.17,11.46,13.13,12.48,13.44,11.64,13.14,14.30,14.24,8.91,9.70,6.11,6.38,10.00,4.63,9.10,9.17,9.05],
  [3.51,12.30,8.25,19.10,28.21,5.85,19.41,19.34,17.31,17.85,17.85,18.12,18.26,15.70,18.26,7.17,8.46,8.50,7.16,4.89,6.61,6.00,4.97,6.62,7.55,5.38,7.80,6.50,6.77,5.57,6.60,8.04,7.24,5.49,5.63,6.55,6.29,18.06,23.56,23.69,27.19,27.49,23.81,21.85,24.68,21.41,27.11,26.60,26.62,32.48,33.74,30.18,30.73,27.63,32.54,23.11,20.33,18.74,18.82,20.40,22.68,20.28,18.27,23.68,21.46,20.67,22.62,19.31,19.98,23.35,21.15,22.62,19.15,19.30,20.94,20.89,18.97,22.47,21.73,22.75,23.68,21.10,22.38,21.42,19.40,19.81,19.68,21.16,19.88,21.32,18.60,19.38,6.67,5.00,7.48,5.24,4.22,3.59,6.77,4.39,7.55,7.59,6.08,5.36,4.18,5.81,5.88,4.63,5.84,6.04,3.85,5.75,6.49,7.57,6.62,7.31,5.90,7.00,6.62,7.11,7.50,6.14,6.44,7.75,6.45,7.18,4.47,7.14,5.60,0.96,2.91,1.58,1.68,3.71,3.33,1.23,1.95,99.00,0.00,1.89,0.26,2.45,1.08,1.38,10.79,10.08,10.08,12.15,13.64,13.16,11.81,12.29,9.93,10.49,12.54,12.93,10.89,10.77,11.85,9.13,11.14,12.21,11.57,12.46,10.73,12.71,13.37,13.26,6.98,7.77,4.15,4.42,8.07,2.69,7.23,7.27,7.11],
  [3.51,12.30,8.25,19.10,28.21,5.85,19.41,19.34,17.31,17.85,17.85,18.12,18.26,15.70,18.26,7.17,8.46,8.50,7.16,4.89,6.61,6.00,4.97,6.62,7.55,5.38,7.80,6.50,6.77,5.57,6.60,8.04,7.24,5.49,5.63,6.55,6.29,18.06,23.56,23.69,27.19,27.49,23.81,21.85,24.68,21.41,27.11,26.60,26.62,32.48,33.74,30.18,30.73,27.63,32.54,23.11,20.33,18.74,18.82,20.40,22.68,20.28,18.27,23.68,21.46,20.67,22.62,19.31,19.98,23.35,21.15,22.62,19.15,19.30,20.94,20.89,18.97,22.47,21.73,22.75,23.68,21.10,22.38,21.42,19.40,19.81,19.68,21.16,19.88,21.32,18.60,19.38,6.67,5.00,7.48,5.24,4.22,3.59,6.77,4.39,7.55,7.59,6.08,5.36,4.18,5.81,5.88,4.63,5.84,6.04,3.85,5.75,6.49,7.57,6.62,7.31,5.90,7.00,6.62,7.11,7.50,6.14,6.44,7.75,6.45,7.18,4.47,7.14,5.60,0.96,2.91,1.58,1.68,3.71,3.33,1.23,1.95,0.00,99.00,1.89,0.26,2.45,1.08,1.38,10.79,10.08,10.08,12.15,13.64,13.16,11.81,12.29,9.93,10.49,12.54,12.93,10.89,10.77,11.85,9.13,11.14,12.21,11.57,12.46,10.73,12.71,13.37,13.26,6.98,7.77,4.15,4.42,8.07,2.69,7.23,7.27,7.11],
  [3.27,13.57,10.13,20.98,29.96,4.86,21.07,21.00,18.91,19.68,19.68,19.79,20.02,17.58,20.01,9.06,10.24,10.26,8.80,6.53,8.02,7.84,6.76,8.50,9.34,6.94,9.51,8.13,8.41,7.41,8.32,9.91,8.45,7.19,7.45,8.38,7.76,19.91,25.37,25.51,28.94,29.26,25.56,23.62,26.39,23.15,28.97,28.45,28.47,34.33,35.58,32.05,32.60,29.49,34.38,24.99,22.16,20.57,20.69,22.29,24.55,22.15,20.15,25.53,23.33,22.54,24.46,21.20,21.84,25.21,22.97,24.49,21.00,21.09,22.83,22.73,20.76,24.31,23.60,24.63,25.56,22.97,24.23,23.29,21.28,21.67,21.47,23.00,21.75,23.18,20.44,21.22,5.97,4.31,6.29,4.38,3.54,2.58,5.73,3.36,6.39,6.40,5.68,4.19,3.33,4.79,5.31,4.03,4.96,5.10,3.51,4.90,6.25,6.51,5.45,6.18,4.87,6.08,5.34,6.14,6.45,5.91,5.43,6.58,6.41,5.96,4.23,7.13,4.52,2.21,4.36,2.62,3.30,5.20,4.43,0.72,2.89,1.89,1.89,99.00,1.63,3.74,1.14,0.94,12.67,11.97,11.97,13.68,15.23,14.83,13.47,13.85,11.74,12.22,14.34,14.63,12.44,12.38,13.44,11.02,13.00,13.86,13.23,14.07,12.39,14.54,15.00,14.86,7.33,8.04,4.24,4.52,8.41,3.29,7.82,7.75,7.33],
  [3.45,12.49,8.50,19.35,28.46,5.66,19.65,19.58,17.55,18.11,18.11,18.36,18.51,15.95,18.51,7.43,8.71,8.75,7.40,5.12,6.82,6.26,5.22,6.87,7.81,5.60,8.04,6.73,7.00,5.83,6.84,8.30,7.42,5.73,5.88,6.81,6.51,18.32,23.81,23.95,27.44,27.75,24.06,22.10,24.93,21.65,27.37,26.86,26.88,32.74,34.00,30.44,30.99,27.89,32.79,23.36,20.59,19.00,19.08,20.66,22.94,20.54,18.53,23.94,21.72,20.93,22.87,19.56,20.24,23.61,21.41,22.88,19.40,19.56,21.20,21.15,19.23,22.73,21.99,23.00,23.93,21.36,22.63,21.68,19.65,20.07,19.93,21.42,20.14,21.58,18.85,19.64,6.59,4.91,7.33,5.12,4.12,3.44,6.64,4.25,7.40,7.44,6.03,5.20,4.05,5.67,5.80,4.54,5.73,5.92,3.79,5.64,6.46,7.44,6.47,7.17,5.76,6.89,6.46,6.99,7.37,6.12,6.31,7.60,6.46,7.03,4.43,7.15,5.46,0.98,3.05,1.60,1.84,3.87,3.40,0.97,1.97,0.26,0.26,1.63,99.00,2.55,0.86,1.14,11.05,10.34,10.34,12.37,13.87,13.40,12.05,12.52,10.19,10.74,12.80,13.18,11.11,11.00,12.08,9.39,11.40,12.45,11.81,12.70,10.97,12.97,13.60,13.49,7.03,7.82,4.15,4.43,8.13,2.74,7.32,7.34,7.15],
  [5.95,13.42,7.28,18.24,28.07,5.45,19.62,19.58,17.71,17.41,17.41,18.30,18.15,14.78,18.23,6.44,8.52,8.65,7.75,5.69,7.76,5.88,5.27,5.99,7.64,6.32,8.14,7.16,7.39,5.58,7.01,7.57,8.64,6.05,5.72,6.47,7.35,17.53,23.21,23.30,27.08,27.29,23.70,21.68,24.70,21.35,26.46,26.02,26.01,31.86,33.17,29.40,29.97,26.97,32.00,21.94,19.87,18.33,18.09,19.41,21.95,19.58,17.53,23.13,20.76,19.93,22.11,18.32,19.35,22.73,20.76,21.96,18.55,19.09,19.99,20.43,18.77,21.99,21.08,21.52,22.49,20.44,21.79,20.64,18.58,19.15,19.46,20.68,19.15,20.71,18.12,18.94,9.13,7.45,9.85,7.67,6.67,5.97,9.18,6.78,9.93,9.97,8.52,7.72,6.60,8.22,8.33,7.08,8.28,8.47,6.30,8.19,8.90,9.98,9.00,9.70,8.31,9.44,8.96,9.54,9.92,8.55,8.86,10.13,8.81,9.55,6.90,9.48,7.99,1.61,0.70,1.12,0.99,1.50,0.91,3.06,0.94,2.45,2.45,3.74,2.55,99.00,2.60,2.81,10.12,9.25,9.25,12.80,14.11,13.43,12.15,12.86,9.78,10.66,12.39,13.15,11.52,11.28,12.35,8.34,10.71,12.58,11.93,12.91,11.10,12.40,13.76,13.71,9.16,9.97,6.53,6.79,10.23,4.98,9.25,9.36,9.35],
  [3.84,13.33,9.15,20.06,29.28,4.83,20.49,20.43,18.40,18.88,18.88,19.20,19.33,16.64,19.34,8.12,9.52,9.58,8.25,5.97,7.67,7.03,6.04,7.58,8.62,6.45,8.88,7.58,7.85,6.62,7.68,9.04,8.25,6.57,6.68,7.60,7.36,19.08,24.61,24.73,28.26,28.56,24.88,22.92,25.76,22.48,28.12,27.62,27.63,33.50,34.76,31.17,31.72,28.64,33.56,24.00,21.36,19.78,19.81,21.34,23.67,21.28,19.26,24.70,22.46,21.66,23.64,20.24,20.99,24.36,22.19,23.62,20.16,20.36,21.88,21.93,20.03,23.50,22.74,23.62,24.56,22.10,23.39,22.40,20.37,20.81,20.74,22.19,20.87,22.33,19.62,20.42,6.82,5.13,7.33,5.27,4.34,3.50,6.71,4.31,7.41,7.44,6.39,5.20,4.20,5.75,6.09,4.80,5.88,6.04,4.15,5.80,6.89,7.50,6.47,7.20,5.84,7.02,6.40,7.10,7.44,6.54,6.40,7.61,6.95,7.01,4.84,7.66,5.51,1.08,3.23,1.50,2.19,4.07,3.33,0.46,1.78,1.08,1.08,1.14,0.86,2.60,99.00,0.31,11.77,11.03,11.03,13.23,14.72,14.24,12.89,13.37,10.98,11.57,13.60,14.02,11.97,11.86,12.93,10.08,12.16,13.30,12.66,13.55,11.81,13.75,14.45,14.34,7.66,8.43,4.68,4.95,8.76,3.40,8.02,8.01,7.73],
  [3.89,13.59,9.46,20.36,29.58,4.60,20.79,20.72,18.69,19.19,19.19,19.50,19.63,16.95,19.64,8.43,9.83,9.88,8.54,6.26,7.94,7.34,6.34,7.88,8.93,6.74,9.18,7.87,8.14,6.93,7.98,9.35,8.49,6.87,6.99,7.90,7.63,19.39,24.91,25.04,28.57,28.86,25.18,23.22,26.06,22.78,28.43,27.93,27.94,33.80,35.07,31.47,32.03,28.95,33.87,24.30,21.67,20.09,20.11,21.64,23.98,21.58,19.56,25.01,22.77,21.96,23.95,20.55,21.29,24.67,22.50,23.93,20.47,20.67,22.19,22.23,20.34,23.81,23.04,23.92,24.86,22.41,23.70,22.71,20.67,21.12,21.04,22.50,21.18,22.64,19.93,20.73,6.79,5.11,7.21,5.22,4.32,3.43,6.62,4.23,7.30,7.33,6.41,5.09,4.16,5.67,6.08,4.79,5.82,5.97,4.18,5.75,6.93,7.41,6.36,7.09,5.76,6.95,6.27,7.03,7.35,6.58,6.31,7.49,7.02,6.89,4.88,7.74,5.41,1.35,3.46,1.69,2.47,4.29,3.49,0.43,1.94,1.38,1.38,0.94,1.14,2.81,0.31,99.00,12.08,11.34,11.34,13.51,15.01,14.54,13.19,13.66,11.29,11.87,13.91,14.31,12.25,12.14,13.22,10.39,12.47,13.59,12.95,13.84,12.11,14.06,14.74,14.63,7.79,8.54,4.77,5.05,8.88,3.56,8.18,8.16,7.84],
  [12.27,8.88,2.94,8.32,18.13,15.55,10.45,10.47,9.24,7.33,7.33,9.16,8.41,4.99,8.63,3.69,3.46,3.70,5.47,6.88,7.24,4.91,6.14,4.20,4.01,6.95,4.52,5.90,5.68,5.39,5.25,2.77,8.20,6.14,5.41,4.47,7.00,7.41,13.13,13.21,17.17,17.29,13.82,11.77,15.00,11.59,16.37,15.91,15.91,21.77,23.06,19.39,19.95,16.89,21.88,12.56,9.77,8.25,8.04,9.70,11.91,9.51,7.48,13.01,10.69,9.88,11.99,8.60,9.24,12.63,10.68,11.87,8.44,9.18,10.20,10.32,8.88,11.87,10.98,12.31,13.14,10.35,11.67,10.63,8.61,9.05,9.53,10.56,9.10,10.60,8.01,8.85,14.79,13.74,16.54,14.21,13.29,13.39,15.66,13.94,16.52,16.63,13.69,14.84,13.52,14.89,13.97,13.36,14.63,14.90,12.56,14.51,13.50,16.30,15.83,16.28,14.97,15.54,16.04,15.72,16.22,13.30,15.35,16.71,12.92,16.38,12.60,13.12,14.86,10.83,9.48,10.86,9.80,9.00,10.29,12.01,10.92,10.79,10.79,12.67,11.05,10.12,11.77,12.08,99.00,1.05,1.05,6.50,6.62,5.39,4.87,6.21,2.27,3.62,3.17,4.98,5.81,5.21,5.65,1.79,1.16,5.22,4.83,5.75,4.60,2.73,6.04,6.26,11.87,12.43,11.84,11.90,12.32,10.83,11.06,11.48,12.35],
  [11.81,9.48,1.98,9.03,19.13,14.66,11.50,11.52,10.26,8.29,8.29,10.21,9.44,5.61,9.67,2.91,3.55,3.84,5.42,6.52,7.18,4.39,5.66,3.47,3.87,6.68,4.54,5.75,5.57,4.88,5.04,2.29,8.23,5.80,4.94,4.05,6.88,8.33,14.09,14.15,18.17,18.27,14.84,12.77,16.03,12.62,17.21,16.77,16.76,22.61,23.92,20.17,20.74,17.72,22.75,13.08,10.70,9.22,8.84,10.32,12.71,10.33,8.28,13.90,11.51,10.68,12.89,9.22,10.10,13.48,11.64,12.70,9.31,10.20,10.86,11.25,9.90,12.79,11.82,12.78,13.66,11.18,12.54,11.40,9.35,9.90,10.54,11.48,9.90,11.47,8.95,9.79,14.47,13.33,16.14,13.78,12.83,12.86,15.27,13.44,16.13,16.24,13.39,14.37,13.04,14.47,13.63,12.94,14.24,14.50,12.11,14.12,13.25,15.94,15.40,15.89,14.55,15.19,15.60,15.36,15.86,13.02,14.96,16.33,12.70,15.97,12.21,12.96,14.42,10.06,8.60,10.05,9.00,8.07,9.37,11.30,10.09,10.08,10.08,11.97,10.34,9.25,11.03,11.34,1.05,99.00,0.00,7.24,7.51,6.31,5.66,6.98,2.77,4.26,4.19,5.91,6.42,5.83,6.39,0.96,2.14,6.05,5.59,6.57,5.24,3.78,6.94,7.13,11.76,12.36,11.46,11.54,12.29,10.35,11.01,11.41,12.23],
  [11.81,9.48,1.98,9.03,19.13,14.66,11.50,11.52,10.26,8.29,8.29,10.21,9.44,5.61,9.67,2.91,3.55,3.84,5.42,6.52,7.18,4.39,5.66,3.47,3.87,6.68,4.54,5.75,5.57,4.88,5.04,2.29,8.23,5.80,4.94,4.05,6.88,8.33,14.09,14.15,18.17,18.27,14.84,12.77,16.03,12.62,17.21,16.77,16.76,22.61,23.92,20.17,20.74,17.72,22.75,13.08,10.70,9.22,8.84,10.32,12.71,10.33,8.28,13.90,11.51,10.68,12.89,9.22,10.10,13.48,11.64,12.70,9.31,10.20,10.86,11.25,9.90,12.79,11.82,12.78,13.66,11.18,12.54,11.40,9.35,9.90,10.54,11.48,9.90,11.47,8.95,9.79,14.47,13.33,16.14,13.78,12.83,12.86,15.27,13.44,16.13,16.24,13.39,14.37,13.04,14.47,13.63,12.94,14.24,14.50,12.11,14.12,13.25,15.94,15.40,15.89,14.55,15.19,15.60,15.36,15.86,13.02,14.96,16.33,12.70,15.97,12.21,12.96,14.42,10.06,8.60,10.05,9.00,8.07,9.37,11.30,10.09,10.08,10.08,11.97,10.34,9.25,11.03,11.34,1.05,0.00,99.00,7.24,7.51,6.31,5.66,6.98,2.77,4.26,4.19,5.91,6.42,5.83,6.39,0.96,2.14,6.05,5.59,6.57,5.24,3.78,6.94,7.13,11.76,12.36,11.46,11.54,12.29,10.35,11.01,11.41,12.23],
  [11.71,2.64,8.06,11.29,16.83,17.92,7.62,7.52,5.29,8.37,8.37,6.46,7.45,9.29,7.19,7.73,4.74,4.48,5.06,7.28,5.70,7.15,7.53,7.77,5.41,6.77,4.73,5.69,5.44,7.31,5.79,6.55,5.65,6.78,7.14,6.60,5.92,8.97,13.00,13.23,15.80,16.31,12.54,10.86,13.07,10.12,17.32,16.59,16.70,22.30,23.37,20.71,21.13,17.85,22.11,16.09,10.49,8.98,10.46,12.99,13.65,11.50,10.09,13.81,12.48,11.99,12.69,12.09,10.94,13.78,10.94,13.32,10.10,8.69,13.20,11.00,8.38,12.47,12.51,16.13,16.64,12.02,12.79,12.77,11.32,10.91,9.06,11.33,11.29,11.96,9.15,9.64,12.96,12.62,14.98,13.11,12.54,13.14,14.14,13.33,14.89,15.04,11.87,13.97,12.88,13.70,12.36,12.37,13.30,13.54,11.84,13.19,11.37,14.53,14.51,14.69,13.76,13.81,14.87,13.99,14.47,11.33,13.92,15.04,10.69,14.95,11.51,10.52,13.81,12.69,12.41,13.02,12.04,12.34,13.38,13.24,13.26,12.15,12.15,13.68,12.37,12.80,13.23,13.51,6.50,7.24,7.24,99.00,1.71,2.19,1.69,0.43,4.51,3.00,4.13,2.38,1.28,1.62,0.86,7.19,5.42,1.48,1.68,1.08,2.07,4.93,1.80,1.48,9.17,9.32,10.83,10.73,9.01,10.68,8.14,8.56,9.63],
  [13.37,3.87,8.69,10.03,15.12,19.34,5.94,5.84,3.68,6.93,6.93,4.76,5.80,8.43,5.51,8.59,5.73,5.53,6.48,8.75,7.32,8.31,8.87,8.73,6.53,8.29,5.98,7.14,6.87,8.54,7.13,7.33,7.34,8.19,8.39,7.73,7.50,7.57,11.32,11.56,14.10,14.60,10.83,9.16,11.37,8.42,15.68,14.94,15.05,20.61,21.68,19.08,19.49,16.21,20.41,14.81,8.91,7.45,9.13,11.74,12.13,10.06,8.81,12.19,10.99,10.56,11.07,10.91,9.48,12.19,9.31,11.77,8.67,7.05,11.89,9.41,6.74,10.84,10.98,14.91,15.35,10.52,11.21,11.32,10.01,9.48,7.40,9.74,9.89,10.42,7.68,8.10,14.67,14.32,16.68,14.80,14.22,14.79,15.85,15.01,16.60,16.74,13.57,15.66,14.56,15.40,14.07,14.05,15.00,15.24,13.51,14.89,13.08,16.24,16.22,16.40,15.46,15.52,16.57,15.70,16.18,13.04,15.63,16.75,12.40,16.66,13.19,12.22,15.50,14.12,13.67,14.42,13.41,13.53,14.64,14.76,14.63,13.64,13.64,15.23,13.87,14.11,14.72,15.01,6.62,7.51,7.51,1.71,99.00,1.28,2.05,1.41,5.04,3.66,3.68,1.67,2.80,2.87,1.79,7.68,5.46,1.60,2.23,1.20,3.02,4.44,0.59,0.41,10.87,11.01,12.51,12.42,10.70,12.30,9.84,10.26,11.33],
  [13.22,4.76,7.61,9.10,15.22,18.76,6.25,6.19,4.31,6.20,6.20,4.97,5.50,7.26,5.34,7.63,4.93,4.78,6.03,8.30,7.14,7.56,8.27,7.83,5.79,7.92,5.37,6.70,6.42,7.85,6.57,6.35,7.37,7.67,7.72,6.97,7.24,6.78,11.07,11.28,14.20,14.61,10.86,9.04,11.57,8.42,15.28,14.58,14.68,20.36,21.47,18.65,19.09,15.81,20.22,13.90,8.38,6.84,8.27,10.81,11.50,9.32,7.90,11.76,10.31,9.81,10.63,9.92,8.77,11.68,8.91,11.18,7.92,6.72,11.01,8.92,6.39,10.42,10.36,13.95,14.45,9.86,10.69,10.59,9.13,8.73,7.09,9.24,9.10,9.82,6.99,7.51,14.78,14.28,16.77,14.77,14.12,14.61,15.92,14.89,16.70,16.84,13.66,15.60,14.44,15.40,14.12,13.99,15.02,15.27,13.39,14.91,13.22,16.36,16.25,16.49,15.46,15.62,16.58,15.81,16.29,13.15,15.68,16.86,12.54,16.72,13.14,12.44,15.48,13.57,12.95,13.82,12.79,12.74,13.90,14.32,14.01,13.16,13.16,14.83,13.40,13.43,14.24,14.54,5.39,6.31,6.31,2.19,1.28,99.00,1.36,1.76,3.99,2.79,2.40,0.40,2.78,2.57,1.70,6.56,4.22,1.03,1.60,1.13,2.44,3.17,0.69,1.02,11.08,11.31,12.42,12.36,11.03,12.06,10.07,10.50,11.56],
  [11.87,4.28,6.68,9.94,16.58,17.44,7.60,7.53,5.57,7.29,7.29,6.32,6.81,7.71,6.68,6.55,3.70,3.52,4.67,6.94,5.79,6.30,6.94,6.68,4.52,6.55,4.04,5.34,5.06,6.56,5.23,5.29,6.09,6.32,6.42,5.72,5.88,7.80,12.37,12.57,15.56,15.96,12.21,10.38,12.94,9.77,16.50,15.83,15.91,21.63,22.77,19.84,20.30,17.04,21.51,14.73,9.57,7.99,9.19,11.63,12.60,10.34,8.77,12.97,11.39,10.83,11.85,10.68,9.83,12.86,10.15,12.32,8.96,8.00,11.89,10.11,7.67,11.64,11.47,14.72,15.29,10.94,11.86,11.61,10.02,9.77,8.38,10.43,10.08,10.94,8.08,8.67,13.50,12.96,15.48,13.45,12.78,13.25,14.62,13.55,15.41,15.55,12.38,14.27,13.09,14.08,12.82,12.66,13.71,13.96,12.05,13.59,11.95,15.08,14.94,15.20,14.14,14.34,15.26,14.52,15.01,11.87,14.37,15.57,11.28,15.42,11.81,11.21,14.15,12.24,11.68,12.50,11.48,11.51,12.64,12.97,12.70,11.81,11.81,13.47,12.05,12.15,12.89,13.19,4.87,5.66,5.66,1.69,2.05,1.36,99.00,1.35,3.05,1.62,2.50,1.24,1.63,1.26,0.84,5.73,3.76,0.45,0.24,0.93,1.08,3.29,1.62,1.64,9.85,10.13,11.09,11.03,9.87,10.70,8.85,9.29,10.34],
  [11.96,3.06,7.89,10.86,16.53,18.03,7.35,7.25,5.07,7.96,7.96,6.16,7.08,8.87,6.83,7.63,4.66,4.42,5.16,7.41,5.91,7.14,7.60,7.70,5.38,6.93,4.75,5.80,5.55,7.33,5.85,6.41,5.94,6.88,7.17,6.58,6.11,8.54,12.63,12.86,15.50,15.99,12.22,10.52,12.78,9.80,16.93,16.21,16.32,21.93,23.01,20.32,20.75,17.46,21.75,15.66,10.08,8.57,10.03,12.56,13.24,11.07,9.66,13.42,12.06,11.57,12.30,11.66,10.52,13.38,10.55,12.91,9.68,8.31,12.77,10.60,8.00,12.08,12.10,15.70,16.21,11.60,12.39,12.35,10.89,10.49,8.68,10.93,10.86,11.54,8.74,9.23,13.28,12.91,15.30,13.40,12.81,13.38,14.46,13.60,15.21,15.36,12.18,14.25,13.15,14.00,12.67,12.64,13.60,13.84,12.10,13.49,11.70,14.86,14.82,15.02,14.05,14.13,15.17,14.32,14.80,11.65,14.23,15.36,11.02,15.26,11.79,10.86,14.10,12.80,12.45,13.12,12.13,12.36,13.42,13.40,13.35,12.29,12.29,13.85,12.52,12.86,13.37,13.66,6.21,6.98,6.98,0.43,1.41,1.76,1.35,99.00,4.30,2.80,3.74,1.96,1.41,1.59,0.60,6.99,5.11,1.09,1.39,0.65,1.93,4.54,1.41,1.12,9.51,9.68,11.10,11.01,9.38,10.90,8.49,8.91,9.98],
  [10.83,6.71,3.65,9.71,18.34,15.21,9.91,9.88,8.24,7.96,7.96,8.59,8.39,6.69,8.45,3.66,1.59,1.71,3.56,5.43,5.28,3.97,4.98,3.92,2.43,5.32,2.60,4.12,3.86,4.36,3.61,2.38,6.12,4.69,4.30,3.39,5.12,8.24,13.63,13.76,17.33,17.59,13.95,11.95,14.93,11.58,17.30,16.74,16.78,22.63,23.86,20.48,21.01,17.83,22.65,14.24,10.43,8.83,9.22,11.24,13.00,10.61,8.70,13.83,11.77,11.04,12.74,10.18,10.23,13.55,11.23,12.87,9.37,9.39,11.66,11.00,9.06,12.58,11.98,14.07,14.82,11.37,12.55,11.82,9.92,10.09,9.76,11.28,10.25,11.53,8.73,9.49,13.07,12.18,14.91,12.66,11.82,12.07,14.03,12.52,14.87,15.00,11.95,13.37,12.09,13.33,12.29,11.82,13.03,13.30,11.08,12.91,11.68,14.62,14.25,14.64,13.41,13.86,14.51,14.04,14.54,11.51,13.74,15.06,11.07,14.79,11.01,11.20,13.34,10.17,9.23,10.32,9.26,8.93,10.14,11.15,10.46,9.93,9.93,11.74,10.19,9.78,10.98,11.29,2.27,2.77,2.77,4.51,5.04,3.99,3.05,4.30,99.00,1.51,2.63,3.63,3.65,3.06,3.70,2.69,1.62,3.47,2.93,3.97,2.48,2.81,4.52,4.64,9.90,10.39,10.25,10.27,10.25,9.46,9.03,9.46,10.39],
  [10.90,5.26,5.10,10.06,17.74,16.01,8.98,8.93,7.09,7.84,7.84,7.67,7.82,7.37,7.79,4.93,2.14,2.02,3.51,5.71,4.96,4.78,5.54,5.08,3.02,5.42,2.71,4.17,3.89,5.08,3.90,3.68,5.55,5.03,4.96,4.19,4.94,8.24,13.27,13.44,16.72,17.06,13.34,11.42,14.19,10.93,17.20,16.58,16.64,22.44,23.63,20.47,20.96,17.73,22.39,14.75,10.26,8.65,9.44,11.69,13.07,10.73,8.96,13.68,11.84,11.19,12.56,10.67,10.28,13.48,10.95,12.87,9.41,8.93,12.04,10.82,8.60,12.38,11.99,14.66,15.33,11.42,12.48,11.98,10.21,10.18,9.31,11.12,10.42,11.50,8.64,9.32,12.83,12.12,14.76,12.61,11.86,12.23,13.88,12.60,14.70,14.84,11.70,13.38,12.15,13.26,12.10,11.79,12.92,13.18,11.11,12.81,11.35,14.41,14.16,14.48,13.33,13.65,14.45,13.84,14.34,11.23,13.61,14.88,10.71,14.66,10.95,10.74,13.31,10.85,10.17,11.08,10.03,9.96,11.11,11.68,11.26,10.49,10.49,12.22,10.74,10.66,11.57,11.87,3.62,4.26,4.26,3.00,3.66,2.79,1.62,2.80,1.51,99.00,2.43,2.49,2.19,1.59,2.19,4.20,2.67,2.06,1.46,2.52,0.98,3.00,3.20,3.25,9.40,9.79,10.21,10.19,9.60,9.63,8.45,8.89,9.89],
  [13.24,6.76,5.79,7.66,15.71,17.83,7.44,7.43,6.07,5.45,5.45,6.12,5.76,5.21,5.85,6.12,4.11,4.12,5.85,7.93,7.38,6.60,7.58,6.46,5.00,7.73,4.95,6.48,6.20,6.99,6.10,4.88,7.97,7.21,6.92,6.02,7.33,5.83,11.03,11.18,14.70,14.96,11.32,9.33,12.32,8.96,14.83,14.23,14.28,20.11,21.32,18.07,18.57,15.36,20.09,12.40,7.90,6.29,7.01,9.31,10.65,8.30,6.55,11.32,9.42,8.76,10.22,8.32,7.86,11.09,8.65,10.46,6.99,6.76,9.64,8.47,6.43,10.05,9.58,12.34,12.97,9.00,10.09,9.55,7.80,7.75,7.13,8.76,7.99,9.10,6.25,6.96,15.26,14.51,17.17,14.99,14.22,14.54,16.29,14.94,17.12,17.25,14.13,15.75,14.50,15.66,14.51,14.17,15.33,15.59,13.47,15.21,13.78,16.83,16.56,16.90,15.73,16.07,16.84,16.26,16.76,13.65,16.02,17.29,13.14,17.07,13.34,13.16,15.69,12.80,11.83,12.95,11.88,11.49,12.72,13.76,13.09,12.54,12.54,14.34,12.80,12.39,13.60,13.91,3.17,4.19,4.19,4.13,3.68,2.40,2.50,3.74,2.63,2.43,99.00,2.01,4.02,3.50,3.33,4.65,2.05,2.66,2.61,3.13,2.97,0.80,3.09,3.39,11.82,12.19,12.59,12.58,11.98,11.93,10.86,11.30,12.31],
  [13.09,5.00,7.23,8.91,15.37,18.49,6.49,6.44,4.63,6.11,6.11,5.19,5.58,6.96,5.45,7.28,4.63,4.51,5.83,8.09,7.02,7.27,8.02,7.49,5.51,7.74,5.14,6.51,6.23,7.58,6.34,6.00,7.32,7.45,7.45,6.68,7.10,6.66,11.13,11.33,14.35,14.74,11.00,9.15,11.76,8.56,15.28,14.60,14.69,20.40,21.53,18.63,19.08,15.81,20.28,13.72,8.36,6.79,8.11,10.62,11.42,9.20,7.72,11.75,10.23,9.70,10.62,9.71,8.67,11.65,8.92,11.13,7.82,6.76,10.84,8.90,6.44,10.42,10.29,13.74,14.27,9.77,10.65,10.48,8.96,8.62,7.14,9.21,8.97,9.76,6.91,7.47,14.73,14.19,16.71,14.68,14.01,14.47,15.86,14.77,16.64,16.78,13.61,15.50,14.32,15.31,14.06,13.89,14.94,15.20,13.27,14.83,13.18,16.32,16.18,16.43,15.38,15.57,16.50,15.76,16.25,13.10,15.61,16.81,12.51,16.65,13.04,12.43,15.39,13.32,12.66,13.56,12.52,12.43,13.60,14.11,13.75,12.93,12.93,14.63,13.18,13.15,14.02,14.31,4.98,5.91,5.91,2.38,1.67,0.40,1.24,1.96,3.63,2.49,2.01,99.00,2.79,2.49,1.77,6.17,3.82,1.03,1.47,1.30,2.28,2.79,1.09,1.38,11.07,11.33,12.32,12.26,11.06,11.90,10.07,10.50,11.55],
  [10.58,3.07,7.01,11.56,17.87,16.65,8.73,8.64,6.48,8.89,8.89,7.52,8.28,9.23,8.08,6.59,3.58,3.30,3.78,6.01,4.51,5.89,6.25,6.58,4.18,5.52,3.46,4.42,4.16,6.04,4.51,5.45,4.62,5.50,5.86,5.35,4.70,9.42,13.85,14.06,16.85,17.31,13.54,11.79,14.15,11.11,18.05,17.36,17.46,23.13,24.24,21.41,21.86,18.59,22.99,16.34,11.14,9.58,10.81,13.25,14.21,11.96,10.40,14.53,13.00,12.45,13.40,12.29,11.44,14.44,11.68,13.92,10.58,9.49,13.52,11.68,9.17,13.19,13.08,16.32,16.91,12.55,13.44,13.24,11.65,11.39,9.86,12.00,11.71,12.54,9.69,10.26,12.01,11.57,14.01,12.06,11.44,11.99,13.16,12.23,13.93,14.08,10.90,12.90,11.78,12.67,11.37,11.29,12.28,12.53,10.73,12.17,10.44,13.59,13.51,13.73,12.73,12.85,13.84,13.04,13.53,10.38,12.93,14.09,9.77,13.96,10.43,9.66,12.76,11.41,11.13,11.75,10.76,11.07,12.11,11.99,11.98,10.89,10.89,12.44,11.11,11.52,11.97,12.25,5.81,6.42,6.42,1.28,2.80,2.78,1.63,1.41,3.65,2.19,4.02,2.79,99.00,0.60,1.10,6.24,4.83,1.77,1.45,1.74,1.22,4.77,2.68,2.47,8.30,8.54,9.74,9.65,8.27,9.50,7.29,7.72,8.78],
  [10.66,3.67,6.49,11.10,17.77,16.48,8.71,8.63,6.54,8.53,8.53,7.46,8.06,8.68,7.91,6.12,3.12,2.86,3.61,5.88,4.57,5.55,6.02,6.15,3.80,5.44,3.16,4.27,4.01,5.74,4.28,4.95,4.83,5.32,5.58,4.99,4.70,9.03,13.62,13.82,16.75,17.18,13.42,11.61,14.09,10.98,17.76,17.09,17.18,22.89,24.02,21.10,21.57,18.30,22.77,15.87,10.83,9.25,10.38,12.78,13.84,11.57,9.95,14.24,12.63,12.05,13.11,11.80,11.06,14.12,11.41,13.57,10.20,9.26,13.06,11.37,8.93,12.91,12.72,15.83,16.43,12.18,13.11,12.84,11.20,10.99,9.63,11.69,11.30,12.20,9.33,9.93,12.24,11.72,14.22,12.21,11.55,12.06,13.36,12.33,14.15,14.29,11.12,13.03,11.88,12.83,11.57,11.43,12.46,12.71,10.83,12.34,10.69,13.82,13.69,13.94,12.90,13.08,14.02,13.26,13.75,10.61,13.12,14.31,10.02,14.16,10.57,9.95,12.91,11.25,10.86,11.56,10.56,10.77,11.83,11.90,11.78,10.77,10.77,12.38,11.00,11.28,11.86,12.14,5.21,5.83,5.83,1.62,2.87,2.57,1.26,1.59,3.06,1.59,3.50,2.49,0.60,99.00,1.08,5.68,4.23,1.54,1.04,1.69,0.62,4.23,2.62,2.49,8.59,8.88,9.86,9.79,8.63,9.52,7.59,8.03,9.08],
  [11.66,3.44,7.29,10.66,16.78,17.56,7.67,7.58,5.47,7.88,7.88,6.44,7.18,8.52,6.98,7.04,4.08,3.85,4.69,6.96,5.58,6.59,7.09,7.11,4.82,6.51,4.22,5.35,5.08,6.80,5.35,5.81,5.71,6.40,6.64,6.02,5.74,8.43,12.75,12.97,15.76,16.21,12.45,10.69,13.08,10.01,16.98,16.28,16.38,22.04,23.15,20.35,20.79,17.51,21.89,15.45,10.08,8.54,9.87,12.36,13.18,10.97,9.47,13.46,11.99,11.46,12.33,11.43,10.43,13.38,10.60,12.88,9.58,8.40,12.59,10.62,8.08,12.12,12.05,15.46,16.01,11.53,12.38,12.25,10.71,10.39,8.77,10.94,10.73,11.51,8.67,9.21,13.11,12.66,15.11,13.15,12.53,13.07,14.26,13.31,15.03,15.17,12.00,13.99,12.86,13.76,12.47,12.38,13.38,13.63,11.81,13.27,11.54,14.69,14.61,14.83,13.83,13.95,14.94,14.14,14.62,11.48,14.03,15.19,10.86,15.06,11.53,10.75,13.86,12.33,11.92,12.64,11.63,11.81,12.89,12.98,12.86,11.85,11.85,13.44,12.08,12.35,12.93,13.22,5.65,6.39,6.39,0.86,1.79,1.70,0.84,0.60,3.70,2.19,3.33,1.77,1.10,1.08,99.00,6.39,4.56,0.75,0.82,0.65,1.34,4.12,1.59,1.42,9.39,9.61,10.83,10.75,9.33,10.55,8.37,8.80,9.86],
  [10.88,9.26,1.17,9.98,19.92,13.77,12.07,12.07,10.67,9.12,9.12,10.76,10.14,6.57,10.33,1.96,3.01,3.33,4.72,5.63,6.44,3.47,4.73,2.52,3.16,5.83,3.91,4.98,4.82,3.95,4.25,1.43,7.54,4.93,4.02,3.16,6.12,9.20,14.92,15.00,18.94,19.08,15.59,13.54,16.74,13.34,18.12,17.67,17.67,23.52,24.82,21.11,21.67,18.64,23.65,14.03,11.56,10.04,9.76,11.28,13.63,11.25,9.21,14.79,12.43,11.61,13.77,10.18,11.00,14.38,12.47,13.62,10.21,10.95,11.81,12.11,10.64,13.66,12.74,13.72,14.61,12.10,13.44,12.34,10.29,10.81,11.30,12.35,10.83,12.37,9.80,10.64,13.58,12.40,15.23,12.85,11.90,11.91,14.36,12.50,15.22,15.33,12.50,13.44,12.10,13.54,12.73,12.01,13.32,13.58,11.18,13.20,12.38,15.03,14.48,14.98,13.63,14.29,14.67,14.46,14.96,12.15,14.04,15.42,11.85,15.04,11.29,12.13,13.49,9.12,7.70,9.11,8.06,7.21,8.50,10.34,9.17,9.13,9.13,11.02,9.39,8.34,10.08,10.39,1.79,0.96,0.96,7.19,7.68,6.56,5.73,6.99,2.69,4.20,4.65,6.17,6.24,5.68,6.39,99.00,2.63,6.14,5.62,6.65,5.13,4.37,7.14,7.29,10.96,11.59,10.55,10.63,11.54,9.41,10.25,10.64,11.42],
  [12.30,7.87,3.80,8.18,17.39,16.16,9.44,9.44,8.12,6.73,6.73,8.13,7.54,5.08,7.71,4.29,3.14,3.30,5.16,6.88,6.89,5.15,6.30,4.72,3.88,6.84,4.19,5.68,5.43,5.60,5.12,3.15,7.74,6.13,5.58,4.63,6.72,6.92,12.51,12.61,16.41,16.59,13.04,11.00,14.15,10.75,15.97,15.46,15.48,21.34,22.60,19.09,19.63,16.50,21.40,12.65,9.21,7.64,7.76,9.68,11.59,9.19,7.23,12.54,10.36,9.60,11.48,8.61,8.85,12.21,10.07,11.50,8.01,8.41,10.12,9.77,8.09,11.34,10.61,12.47,13.23,9.98,11.23,10.37,8.42,8.69,8.77,10.03,8.81,10.18,7.46,8.27,14.64,13.70,16.46,14.18,13.31,13.50,15.58,13.99,16.43,16.55,13.52,14.86,13.56,14.86,13.85,13.34,14.57,14.83,12.57,14.45,13.27,16.18,15.78,16.19,14.94,15.42,16.03,15.60,16.11,13.10,15.28,16.61,12.67,16.32,12.54,12.81,14.85,11.28,10.10,11.37,10.30,9.69,10.96,12.37,11.46,11.14,11.14,13.00,11.40,10.71,12.16,12.47,1.16,2.14,2.14,5.42,5.46,4.22,3.76,5.11,1.62,2.67,2.05,3.82,4.83,4.23,4.56,2.63,99.00,4.09,3.74,4.62,3.61,1.75,4.88,5.10,11.51,12.01,11.78,11.81,11.86,10.91,10.64,11.07,12.00],
  [12.20,4.12,7.12,9.91,16.24,17.86,7.21,7.14,5.14,7.14,7.14,5.94,6.53,7.81,6.37,6.99,4.14,3.96,5.06,7.34,6.11,6.75,7.37,7.13,4.96,6.93,4.47,5.73,5.46,7.00,5.65,5.74,6.34,6.73,6.86,6.16,6.23,7.69,12.10,12.31,15.21,15.64,11.88,10.07,12.57,9.44,16.28,15.60,15.69,21.38,22.50,19.64,20.09,16.82,21.25,14.70,9.37,7.82,9.12,11.61,12.45,10.23,8.72,12.76,11.25,10.72,11.63,10.68,9.70,12.67,9.92,12.15,8.84,7.74,11.84,9.91,7.41,11.42,11.32,14.72,15.26,10.80,11.67,11.50,9.96,9.65,8.11,10.23,9.99,10.78,7.93,8.49,13.75,13.25,15.74,13.74,13.09,13.59,14.89,13.87,15.67,15.81,12.64,14.57,13.42,14.37,13.09,12.97,13.99,14.24,12.37,13.88,12.19,15.34,15.22,15.46,14.43,14.59,15.55,14.78,15.27,12.12,14.65,15.83,11.52,15.69,12.11,11.43,14.45,12.65,12.12,12.93,11.90,11.96,13.08,13.37,13.13,12.21,12.21,13.86,12.45,12.58,13.30,13.59,5.22,6.05,6.05,1.48,1.60,1.03,0.45,1.09,3.47,2.06,2.66,1.03,1.77,1.54,0.75,6.14,4.09,99.00,0.65,0.53,1.49,3.46,1.18,1.19,10.07,10.31,11.40,11.33,10.04,11.05,9.06,9.49,10.55],
  [11.63,4.21,6.55,10.12,16.82,17.21,7.84,7.77,5.79,7.50,7.50,6.56,7.05,7.83,6.92,6.38,3.50,3.31,4.43,6.70,5.55,6.10,6.72,6.50,4.31,6.31,3.81,5.10,4.82,6.35,5.00,5.13,5.86,6.09,6.20,5.51,5.64,8.01,12.60,12.80,15.80,16.20,12.45,10.62,13.18,10.02,16.73,16.06,16.14,21.86,23.00,20.07,20.53,17.26,21.75,14.90,9.79,8.21,9.38,11.80,12.81,10.54,8.95,13.20,11.60,11.03,12.07,10.85,10.03,13.08,10.38,12.53,9.17,8.24,12.07,10.34,7.91,11.87,11.69,14.88,15.46,11.15,12.08,11.82,10.20,9.97,8.61,10.65,10.28,11.16,8.30,8.89,13.27,12.72,15.24,13.21,12.54,13.01,14.38,13.31,15.17,15.31,12.14,14.03,12.85,13.84,12.59,12.42,13.47,13.72,11.81,13.36,11.72,14.85,14.70,14.96,13.90,14.10,15.03,14.29,14.78,11.64,14.13,15.34,11.05,15.18,11.57,10.99,13.91,12.01,11.47,12.28,11.25,11.31,12.43,12.73,12.48,11.57,11.57,13.23,11.81,11.93,12.66,12.95,4.83,5.59,5.59,1.68,2.23,1.60,0.24,1.39,2.93,1.46,2.61,1.47,1.45,1.04,0.82,5.62,3.74,0.65,99.00,1.06,0.85,3.39,1.83,1.82,9.63,9.91,10.85,10.79,9.66,10.46,8.63,9.07,10.11],
  [12.31,3.71,7.61,10.21,16.13,18.15,7.02,6.94,4.85,7.34,7.34,5.79,6.56,8.23,6.35,7.44,4.55,4.34,5.30,7.57,6.23,7.11,7.67,7.56,5.33,7.13,4.78,5.97,5.70,7.34,5.94,6.20,6.36,7.00,7.19,6.54,6.38,7.92,12.13,12.35,15.11,15.57,11.80,10.05,12.43,9.37,16.38,15.67,15.77,21.42,22.52,19.75,20.19,16.91,21.26,15.01,9.50,7.97,9.39,11.92,12.63,10.45,9.01,12.86,11.45,10.95,11.73,11.01,9.90,12.80,10.00,12.31,9.06,7.78,12.13,10.03,7.46,11.52,11.49,15.05,15.56,10.99,11.81,11.72,10.25,9.87,8.15,10.35,10.23,10.95,8.12,8.64,13.75,13.31,15.75,13.80,13.18,13.71,14.90,13.96,15.67,15.81,12.64,14.64,13.51,14.41,13.11,13.03,14.02,14.27,12.46,13.91,12.17,15.33,15.25,15.47,14.47,14.59,15.59,14.78,15.26,12.11,14.67,15.82,11.49,15.70,12.17,11.37,14.50,12.93,12.47,13.23,12.21,12.34,13.44,13.60,13.44,12.46,12.46,14.07,12.70,12.91,13.55,13.84,5.75,6.57,6.57,1.08,1.20,1.13,0.93,0.65,3.97,2.52,3.13,1.30,1.74,1.69,0.65,6.65,4.62,0.53,1.06,99.00,1.82,3.93,0.94,0.80,10.01,10.21,11.47,11.39,9.93,11.20,8.99,9.42,10.48],
  [10.82,4.28,5.98,10.61,17.65,16.37,8.68,8.62,6.62,8.15,8.15,7.41,7.84,8.11,7.73,5.70,2.74,2.53,3.58,5.86,4.76,5.29,5.88,5.77,3.51,5.47,2.98,4.26,3.98,5.53,4.15,4.49,5.15,5.24,5.38,4.72,4.83,8.62,13.37,13.56,16.62,17.02,13.27,11.42,14.01,10.84,17.44,16.79,16.86,22.61,23.76,20.76,21.23,17.98,22.52,15.36,10.50,8.90,9.92,12.27,13.44,11.14,9.47,13.91,12.22,11.62,12.79,11.29,10.66,13.77,11.12,13.20,9.79,9.01,12.58,11.05,8.68,12.59,12.34,15.30,15.93,11.78,12.76,12.41,10.73,10.58,9.38,11.36,10.86,11.82,8.95,9.58,12.54,11.94,14.50,12.43,11.74,12.19,13.64,12.50,14.43,14.57,11.41,13.24,12.05,13.07,11.84,11.64,12.71,12.96,11.01,12.59,11.01,14.12,13.94,14.22,13.14,13.37,14.26,13.55,14.05,10.91,13.38,14.60,10.35,14.43,10.78,10.32,13.13,11.16,10.66,11.44,10.42,10.51,11.62,11.89,11.64,10.73,10.73,12.39,10.97,11.10,11.81,12.11,4.60,5.24,5.24,2.07,3.02,2.44,1.08,1.93,2.48,0.98,2.97,2.28,1.22,0.62,1.34,5.13,3.61,1.49,0.85,1.82,99.00,3.67,2.66,2.61,8.96,9.29,10.06,10.01,9.06,9.63,7.98,8.42,9.45],
  [13.61,7.56,5.54,7.07,15.67,17.85,7.73,7.74,6.57,5.15,5.15,6.43,5.79,4.46,5.96,6.02,4.38,4.45,6.26,8.23,7.87,6.72,7.78,6.42,5.25,8.09,5.32,6.86,6.59,7.14,6.41,4.84,8.54,7.50,7.09,6.16,7.78,5.43,10.86,10.98,14.68,14.89,11.31,9.28,12.40,9.00,14.49,13.93,13.97,19.82,21.05,17.68,18.20,15.02,19.84,11.75,7.63,6.03,6.49,8.69,10.22,7.84,6.00,11.01,8.98,8.28,9.93,7.67,7.44,10.74,8.44,10.07,6.57,6.69,9.04,8.19,6.37,9.77,9.18,11.67,12.33,8.58,9.74,9.07,7.24,7.31,7.05,8.47,7.50,8.72,5.91,6.68,15.74,14.92,17.62,15.41,14.60,14.87,16.74,15.31,17.58,17.71,14.61,16.14,14.87,16.08,14.98,14.58,15.76,16.02,13.85,15.64,14.29,17.30,16.99,17.35,16.15,16.54,17.26,16.73,17.23,14.15,16.46,17.76,13.66,17.51,13.76,13.72,16.10,12.91,11.81,13.02,11.95,11.42,12.68,13.93,13.14,12.71,12.71,14.54,12.97,12.40,13.75,14.06,2.73,3.78,3.78,4.93,4.44,3.17,3.29,4.54,2.81,3.00,0.80,2.79,4.77,4.23,4.12,4.37,1.75,3.46,3.39,3.93,3.67,99.00,3.86,4.17,12.38,12.79,13.00,13.00,12.60,12.26,11.45,11.88,12.88],
  [13.25,4.23,8.16,9.62,15.19,19.03,6.09,6.01,3.96,6.61,6.61,4.85,5.67,7.91,5.43,8.11,5.31,5.13,6.21,8.48,7.17,7.92,8.54,8.27,6.13,8.06,5.64,6.88,6.60,8.17,6.81,6.84,7.29,7.89,8.03,7.33,7.32,7.22,11.23,11.45,14.17,14.63,10.86,9.13,11.49,8.43,15.52,14.80,14.91,20.52,21.61,18.91,19.34,16.05,20.35,14.42,8.69,7.19,8.75,11.33,11.86,9.74,8.41,12.01,10.70,10.24,10.89,10.47,9.17,11.98,9.14,11.52,8.34,6.90,11.50,9.20,6.59,10.67,10.72,14.49,14.96,10.24,10.99,11.01,9.62,9.15,7.27,9.52,9.54,10.16,7.38,7.84,14.67,14.25,16.67,14.74,14.12,14.65,15.83,14.90,16.59,16.74,13.56,15.58,14.45,15.35,14.04,13.97,14.96,15.20,13.40,14.84,13.09,16.25,16.18,16.39,15.41,15.51,16.52,15.70,16.18,13.03,15.60,16.75,12.41,16.63,13.11,12.27,15.44,13.82,13.30,14.10,13.08,13.13,14.26,14.51,14.30,13.37,13.37,15.00,13.60,13.76,14.45,14.74,6.04,6.94,6.94,1.80,0.59,0.69,1.62,1.41,4.52,3.20,3.09,1.09,2.68,2.62,1.59,7.14,4.88,1.18,1.83,0.94,2.66,3.86,99.00,0.37,10.91,11.09,12.41,12.33,10.80,12.14,9.89,10.31,11.38],
  [13.05,3.85,8.29,9.99,15.42,18.95,6.26,6.17,4.06,6.97,6.97,5.06,5.97,8.27,5.72,8.18,5.32,5.12,6.10,8.37,6.98,7.90,8.47,8.32,6.12,7.92,5.58,6.76,6.49,8.14,6.74,6.92,7.05,7.80,7.99,7.32,7.15,7.59,11.52,11.75,14.39,14.87,11.10,9.40,11.69,8.68,15.84,15.11,15.22,20.82,21.90,19.23,19.66,16.37,20.64,14.79,9.02,7.54,9.12,11.70,12.21,10.10,8.78,12.34,11.05,10.60,11.21,10.85,9.53,12.32,9.46,11.87,8.71,7.21,11.88,9.53,6.90,10.99,11.07,14.86,15.33,10.59,11.33,11.37,9.99,9.52,7.58,9.86,9.91,10.51,7.73,8.19,14.41,14.02,16.42,14.50,13.91,14.46,15.58,14.69,16.33,16.48,13.30,15.36,14.24,15.11,13.79,13.75,14.71,14.96,13.20,14.60,12.82,15.98,15.94,16.14,15.17,15.25,16.28,15.44,15.92,12.77,15.35,16.49,12.14,16.38,12.89,11.98,15.21,13.73,13.27,14.03,13.01,13.12,14.23,14.39,14.24,13.26,13.26,14.86,13.49,13.71,14.34,14.63,6.26,7.13,7.13,1.48,0.41,1.02,1.64,1.12,4.64,3.25,3.39,1.38,2.47,2.49,1.42,7.29,5.10,1.19,1.82,0.80,2.61,4.17,0.37,99.00,10.63,10.79,12.20,12.11,10.49,11.96,9.60,10.03,11.10],
  [4.12,7.83,10.78,19.46,25.93,12.17,16.69,16.57,14.26,17.11,17.11,15.60,16.57,16.58,16.34,9.61,8.43,8.22,6.41,5.58,4.64,7.77,6.67,9.10,7.90,5.19,7.36,6.01,6.21,7.37,6.72,9.53,3.85,6.14,7.21,7.88,4.88,17.58,22.13,22.35,24.91,25.45,21.69,20.03,22.13,19.29,26.35,25.66,25.76,31.43,32.52,29.70,30.16,26.89,31.26,24.10,19.42,17.84,18.83,21.06,22.41,20.09,18.36,22.82,21.18,20.57,21.69,20.03,19.62,22.71,19.98,22.15,18.75,17.79,21.43,19.97,17.47,21.49,21.30,23.96,24.68,20.75,21.71,21.36,19.61,19.53,18.16,20.28,19.80,20.78,17.91,18.52,3.87,4.08,5.90,4.48,4.41,5.38,5.13,5.14,5.80,5.95,2.88,5.40,4.78,4.91,3.45,4.01,4.46,4.66,3.99,4.37,2.26,5.41,5.57,5.62,4.94,4.72,5.98,4.90,5.35,2.32,4.96,5.93,1.59,5.93,3.32,1.36,5.11,7.93,9.31,8.54,8.17,9.88,10.06,7.36,8.91,6.98,6.98,7.33,7.03,9.16,7.66,7.79,11.87,11.76,11.76,9.17,10.87,11.08,9.85,9.51,9.90,9.40,11.82,11.07,8.30,8.59,9.39,10.96,11.51,10.07,9.63,10.01,8.96,12.38,10.91,10.63,99.00,0.82,3.09,2.83,1.10,4.29,1.03,0.64,0.49],
  [4.80,7.77,11.46,19.85,25.99,12.88,16.75,16.62,14.29,17.41,17.41,15.70,16.76,17.06,16.51,10.30,8.97,8.74,6.96,6.30,5.19,8.47,7.40,9.80,8.49,5.87,7.90,6.62,6.79,8.08,7.34,10.16,4.28,6.83,7.91,8.54,5.48,17.90,22.32,22.54,24.97,25.54,21.79,20.17,22.17,19.40,26.59,25.88,25.98,31.61,32.69,29.95,30.40,27.12,31.42,24.54,19.68,18.12,19.20,21.48,22.72,20.43,18.74,23.07,21.50,20.91,21.94,20.45,19.94,22.98,20.21,22.45,19.07,17.99,21.83,20.22,17.67,21.73,21.60,24.42,25.11,21.06,21.98,21.70,19.99,19.86,18.36,20.54,20.15,21.07,18.21,18.79,4.04,4.54,6.02,4.90,4.97,5.99,5.32,5.66,5.90,6.05,3.18,5.80,5.33,5.25,3.78,4.54,4.78,4.95,4.63,4.71,2.49,5.49,5.81,5.75,5.27,4.85,6.23,5.02,5.43,2.65,5.20,6.01,1.92,6.10,3.94,1.37,5.48,8.72,10.13,9.33,8.98,10.70,10.87,8.11,9.70,7.77,7.77,8.04,7.82,9.97,8.43,8.54,12.43,12.36,12.36,9.32,11.01,11.31,10.13,9.68,10.39,9.79,12.19,11.33,8.54,8.88,9.61,11.59,12.01,10.31,9.91,10.21,9.29,12.79,11.09,10.79,0.82,99.00,3.80,3.53,0.43,5.08,1.37,0.95,0.73],
  [1.06,10.11,10.04,19.95,27.61,9.09,18.45,18.35,16.11,18.04,18.04,17.26,17.89,16.80,17.76,8.83,8.67,8.56,6.75,4.96,5.30,7.09,5.82,8.25,7.90,4.94,7.68,6.14,6.41,6.61,6.66,9.17,5.19,5.70,6.52,7.41,5.27,18.41,23.43,23.61,26.58,27.03,23.27,21.46,23.88,20.83,27.41,26.79,26.85,32.64,33.81,30.66,31.16,27.94,32.57,24.38,20.46,18.85,19.47,21.45,23.22,20.84,18.96,23.89,21.98,21.28,22.77,20.38,20.43,23.68,21.14,23.05,19.56,19.06,21.90,21.02,18.73,22.59,22.16,24.15,24.96,21.57,22.68,22.06,20.17,20.31,19.44,21.32,20.49,21.69,18.83,19.53,3.09,1.92,4.70,2.41,1.71,2.46,3.82,2.51,4.68,4.79,2.15,3.18,2.06,3.08,2.22,1.58,2.80,3.06,1.05,2.67,2.39,4.49,4.00,4.44,3.16,3.75,4.26,3.92,4.41,2.05,3.51,4.87,2.30,4.54,0.76,3.00,3.10,5.11,6.83,5.74,5.60,7.52,7.43,4.34,6.11,4.15,4.15,4.24,4.15,6.53,4.68,4.77,11.84,11.46,11.46,10.83,12.51,12.42,11.09,11.10,10.25,10.21,12.59,12.32,9.74,9.86,10.83,10.55,11.78,11.40,10.85,11.47,10.06,13.00,12.41,12.20,3.09,3.80,99.00,0.28,4.16,1.58,3.69,3.56,3.09],
  [1.30,9.95,10.16,19.98,27.53,9.35,18.35,18.25,16.00,18.02,18.02,17.17,17.84,16.84,17.70,8.94,8.69,8.57,6.75,5.03,5.25,7.18,5.93,8.37,7.94,4.97,7.69,6.15,6.42,6.71,6.70,9.25,5.08,5.76,6.61,7.49,5.25,18.40,23.38,23.57,26.50,26.96,23.19,21.40,23.79,20.76,27.38,26.76,26.82,32.61,33.77,30.65,31.15,27.92,32.52,24.43,20.44,18.83,19.48,21.49,23.22,20.84,18.97,23.86,21.98,21.29,22.75,20.41,20.42,23.66,21.11,23.04,19.56,19.01,21.93,21.00,18.68,22.56,22.16,24.20,25.01,21.57,22.66,22.07,20.19,20.31,19.39,21.30,20.50,21.67,18.82,19.51,2.96,1.94,4.65,2.43,1.84,2.66,3.77,2.64,4.62,4.74,1.97,3.25,2.20,3.08,2.10,1.64,2.76,3.02,1.23,2.64,2.15,4.40,3.99,4.39,3.15,3.65,4.27,3.83,4.33,1.82,3.47,4.81,2.03,4.51,0.78,2.72,3.13,5.38,7.08,6.01,5.86,7.77,7.69,4.61,6.38,4.42,4.42,4.52,4.43,6.79,4.95,5.05,11.90,11.54,11.54,10.73,12.42,12.36,11.03,11.01,10.27,10.19,12.58,12.26,9.65,9.79,10.75,10.63,11.81,11.33,10.79,11.39,10.01,13.00,12.33,12.11,2.83,3.53,0.28,99.00,3.90,1.83,3.46,3.31,2.81],
  [5.18,7.40,11.45,19.65,25.64,13.25,16.40,16.27,13.94,17.16,17.16,15.37,16.46,16.90,16.20,10.31,8.86,8.62,6.87,6.35,5.11,8.48,7.46,9.82,8.41,5.89,7.80,6.56,6.72,8.11,7.29,10.12,4.13,6.85,7.94,8.53,5.42,17.66,22.01,22.24,24.62,25.20,21.46,19.86,21.81,19.07,26.30,25.59,25.70,31.31,32.37,29.68,30.12,26.84,31.11,24.35,19.41,17.85,18.98,21.28,22.47,20.19,18.53,22.79,21.26,20.67,21.66,20.27,19.69,22.71,19.93,22.19,18.83,17.70,21.62,19.95,17.38,21.45,21.35,24.24,24.92,20.81,21.71,21.46,19.78,19.62,18.06,20.27,19.92,20.81,17.96,18.53,4.46,4.97,6.43,5.33,5.38,6.39,5.74,6.08,6.31,6.46,3.61,6.23,5.74,5.68,4.21,4.95,5.21,5.38,5.03,5.14,2.92,5.89,6.23,6.16,5.69,5.26,6.65,5.43,5.84,3.08,5.62,6.41,2.34,6.51,4.34,1.80,5.91,9.02,10.36,9.63,9.24,10.91,11.13,8.46,10.00,8.07,8.07,8.41,8.13,10.23,8.76,8.88,12.32,12.29,12.29,9.01,10.70,11.03,9.87,9.38,10.25,9.60,11.98,11.06,8.27,8.63,9.33,11.54,11.86,10.04,9.66,9.93,9.06,12.60,10.80,10.49,1.10,0.43,4.16,3.90,99.00,5.39,1.30,0.96,1.13],
  [1.47,10.35,8.80,19.07,27.27,8.10,18.22,18.13,15.97,17.38,17.38,16.98,17.43,15.82,17.35,7.60,7.88,7.82,6.12,4.03,4.99,5.96,4.70,7.01,7.04,4.21,6.98,5.46,5.75,5.48,5.85,8.09,5.25,4.78,5.43,6.36,4.82,17.69,22.91,23.07,26.25,26.64,22.90,21.03,23.62,20.47,26.74,26.16,26.21,32.04,33.24,29.94,30.46,27.28,32.01,23.39,19.83,18.22,18.66,20.52,22.46,20.06,18.13,23.25,21.23,20.49,22.14,19.43,19.69,22.99,20.57,22.32,18.83,18.56,21.00,20.40,18.23,21.98,21.44,23.11,23.97,20.83,22.00,21.26,19.32,19.55,18.94,20.69,19.70,20.98,18.16,18.89,4.55,3.08,5.89,3.49,2.50,2.61,5.05,3.10,5.91,6.00,3.71,4.02,2.69,4.17,3.68,2.67,4.01,4.27,1.81,3.90,3.97,5.79,5.10,5.66,4.26,5.10,5.27,5.25,5.72,3.64,4.72,6.11,3.83,5.68,2.14,4.50,4.09,3.64,5.26,4.26,4.04,5.94,5.89,3.15,4.63,2.69,2.69,3.29,2.74,4.98,3.40,3.56,10.83,10.35,10.35,10.68,12.30,12.06,10.70,10.90,9.46,9.63,11.93,11.90,9.50,9.52,10.55,9.41,10.91,11.05,10.46,11.20,9.63,12.26,12.14,11.96,4.29,5.08,1.58,1.83,5.39,99.00,4.62,4.62,4.42],
  [4.75,6.83,10.15,18.52,24.91,12.67,15.66,15.54,13.23,16.12,16.12,14.57,15.54,15.70,15.32,9.01,7.60,7.38,5.60,5.07,3.83,7.19,6.18,8.53,7.13,4.60,6.54,5.27,5.44,6.82,6.00,8.82,2.92,5.55,6.64,7.23,4.13,16.60,21.11,21.33,23.88,24.42,20.66,19.00,21.10,18.26,25.34,24.65,24.74,30.41,31.50,28.69,29.15,25.88,30.24,23.19,18.42,16.84,17.88,20.13,21.42,19.12,17.41,21.82,20.20,19.60,20.69,19.11,18.64,21.71,18.97,21.16,17.77,16.77,20.49,18.96,16.45,20.48,20.31,23.06,23.76,19.76,20.71,20.39,18.66,18.56,17.14,19.28,18.83,19.79,16.92,17.52,4.89,4.96,6.92,5.39,5.19,6.10,6.13,5.96,6.82,6.97,3.86,6.31,5.56,5.87,4.42,4.84,5.42,5.63,4.68,5.33,3.28,6.44,6.57,6.64,5.90,5.74,6.96,5.92,6.37,3.31,5.96,6.95,2.60,6.94,4.08,2.38,6.05,8.15,9.33,8.74,8.26,9.83,10.14,7.77,9.10,7.23,7.23,7.82,7.32,9.25,8.02,8.18,11.06,11.01,11.01,8.14,9.84,10.07,8.85,8.49,9.03,8.45,10.86,10.07,7.29,7.59,8.37,10.25,10.64,9.06,8.63,8.99,7.98,11.45,9.89,9.60,1.03,1.37,3.69,3.46,1.30,4.62,99.00,0.44,1.49],
  [4.61,7.19,10.52,18.95,25.31,12.61,16.06,15.94,13.63,16.56,16.56,14.98,15.97,16.13,15.74,9.37,8.02,7.80,6.01,5.39,4.24,7.54,6.50,8.88,7.54,4.95,6.96,5.67,5.84,7.16,6.39,9.21,3.35,5.90,6.99,7.60,4.53,17.04,21.54,21.76,24.29,24.83,21.07,19.42,21.50,18.67,25.77,25.08,25.17,30.83,31.92,29.13,29.58,26.31,30.66,23.62,18.85,17.28,18.31,20.57,21.86,19.56,17.85,22.25,20.64,20.03,21.12,19.54,19.07,22.14,19.40,21.60,18.20,17.20,20.92,19.39,16.88,20.91,20.75,23.49,24.20,20.20,21.14,20.82,19.10,18.99,17.57,19.71,19.27,20.22,17.36,17.96,4.52,4.69,6.54,5.10,4.97,5.92,5.77,5.73,6.44,6.59,3.52,6.02,5.35,5.55,4.09,4.60,5.10,5.30,4.51,5.01,2.91,6.05,6.22,6.26,5.58,5.36,6.62,5.54,5.99,2.96,5.61,6.57,2.24,6.57,3.87,1.96,5.74,8.20,9.47,8.80,8.37,10.00,10.25,7.74,9.17,7.27,7.27,7.75,7.34,9.36,8.01,8.16,11.48,11.41,11.41,8.56,10.26,10.50,9.29,8.91,9.46,8.89,11.30,10.50,7.72,8.03,8.80,10.64,11.07,9.49,9.07,9.42,8.42,11.88,10.31,10.03,0.64,0.95,3.56,3.31,0.96,4.62,0.44,99.00,1.07],
  [4.08,8.24,11.22,19.95,26.38,12.15,17.14,17.01,14.70,17.60,17.60,16.06,17.04,17.07,16.81,10.04,8.92,8.71,6.89,6.00,5.12,8.20,7.09,9.52,8.37,5.63,7.85,6.48,6.68,7.79,7.18,9.99,4.34,6.58,7.64,8.32,5.36,18.07,22.61,22.83,25.36,25.91,22.15,20.49,22.57,19.74,26.83,26.14,26.23,31.90,32.99,30.18,30.64,27.37,31.73,24.59,19.91,18.33,19.32,21.55,22.89,20.58,18.85,23.30,21.67,21.06,22.18,20.52,20.10,23.19,20.46,22.64,19.24,18.27,21.92,20.45,17.94,21.97,21.79,24.45,25.17,21.23,22.19,21.85,20.10,20.02,18.63,20.76,20.29,21.27,18.40,19.01,3.48,3.85,5.49,4.22,4.25,5.26,4.75,4.95,5.38,5.53,2.54,5.12,4.61,4.60,3.13,3.82,4.14,4.32,3.91,4.06,1.88,4.99,5.21,5.22,4.62,4.31,5.62,4.49,4.93,1.99,4.60,5.51,1.25,5.54,3.21,0.89,4.82,8.06,9.53,8.68,8.37,10.13,10.25,7.41,9.05,7.11,7.11,7.33,7.15,9.35,7.73,7.84,12.35,12.23,12.23,9.63,11.33,11.56,10.34,9.98,10.39,9.89,12.31,11.55,8.78,9.08,9.86,11.42,12.00,10.55,10.11,10.48,9.45,12.88,11.38,11.10,0.49,0.73,3.09,2.81,1.13,4.42,1.49,1.07,99.00]
];
